name;alias;description;group_type;department;group_id;sku;unit;price;VAT;purchase_price;available;reserved;last_reserved_at
TCI ( трансцервикальное внутриматочное оплодотворение) (2019);;;Услуги платные;Хирургия;Хирургия;49465;1 голова;1525;;;0.00;0.00;
Медикаментозное прерывание беременности кошке (2019);;;Услуги платные;Хирургия;Хирургия;49465;1 голова;610;;;0.00;0.00;
Вагинальная диагностика;;;Услуги платные;Хирургия;Хирургия;494617;1 голова;675;;;0.00;0.00;
Вагиноскопия кошки,собаки мелких пород (до 10 кг);;;Услуги платные;Хирургия;Хирургия;48680;1 голова;2055;;;0.00;0.00;
Вагиноскопия собаки крупных пород (более 30 кг);;;Услуги платные;Хирургия;Хирургия;48682;1 голова;3060;;;0.00;0.00;
Взятие спермы;;;Услуги платные;Хирургия;Хирургия;49468;1 процедура;450;;;0.00;0.00;
Вскрытие (удаление) ретеционной кисты;;;Услуги платные;Хирургия;Хирургия;4848;1 голова;420;;;0.00;0.00;
Диагностическая лапароскопия собаки крупных пород (более 30 кг);;;Услуги платные;Хирургия;Хирургия;48685;1 голова;7125;;;0.00;0.00;
Интубация трахеи;;;Услуги платные;Хирургия;Хирургия;4757;1 голова;180;;;0.00;0.00;
Ингаляционная анестезия. Пациентам 4 класса по степени анестезиологического риска;;;Услуги платные;Хирургия;Хирургия;4757;1 голова;4000;;;0.00;0.00;
Колоноскопия кошки,собаки мелких пород (до 10 кг);;;Услуги платные;Хирургия;Хирургия;48674;1 голова;3000;;;0.00;0.00;
Колоноскопия собаки крупных пород (более 30 кг);;;Услуги платные;Хирургия;Хирургия;48676;1 голова;5000;;;0.00;0.00;
Колоноскопия собаки средних пород (от 11 до 30кг);;;Услуги платные;Хирургия;Хирургия;48675;1 голова;4000;;;0.00;0.00;
Лапароскопическая овариоэктомия (гистерэктомия)  кошки,собаки мелких пород (до 10 кг);;;Услуги платные;Хирургия;Хирургия;48687;1 голова;6000;;;0.00;0.00;
Лапароскопически ассистированные операции на брюшной полости кошки,собаки мелких пород (до 10 кг);;;Услуги платные;Хирургия;Хирургия;48696;1 голова;6150;;;0.00;0.00;
Орхитексия (2019);;;Услуги платные;Хирургия;Хирургия;49403;1 голова;5085;;;0.00;0.00;
Приготовление охлажденного семени (взятие,спермограмма со стоимостью экстендера);;;Услуги платные;Хирургия;Хирургия;49469;1 процедура;815;;;0.00;0.00;
Пункция лимфоэкстравазата;;;Услуги платные;Хирургия;Хирургия;4864;1 голова;210;;;0.00;0.00;
Развернутая спермограмма;;;Услуги платные;Хирургия;Хирургия;494612;1 голова;1500;;;0.00;0.00;
Ректальная диагностика;;;Услуги платные;Хирургия;Хирургия;494616;1 голова;675;;;0.00;0.00;
Удаление  беременной матки кошки (полная стоимость с учетом приема животного, без стоимости дополнительных исследований, расходных материалов и лекарственных средств) *;;;Услуги платные;Хирургия;Хирургия;49461;1 голова;4500;;;0.00;0.00;
Удаление  беременной матки собаки ( стоимость с учетом приема животного, без  стоимости дополнительных исследований, расходных материалов и лекарственных средств) *;;;Услуги платные;Хирургия;Хирургия;49462;1 голова;12000;;;0.00;0.00;
Удаление слюнной железы;;;Услуги платные;Хирургия;Хирургия;4858;1 голова;2600;;;0.00;0.00;
Уретротомия (кобеля);;;Услуги платные;Хирургия;Хирургия;4854;1 голова;8000;;;0.00;0.00;
Уретротомия (кота);;;Услуги платные;Хирургия;Хирургия;4854;1 голова;5000;;;0.00;0.00;
Химическая кастрация собак, кошек, хорьков ( с использованием импланта супрелорин);;;Услуги платные;Хирургия;Хирургия;494610;1 голова;510;;;0.00;0.00;
Хирургическая обработка раны с наложением швов (2023);;;Услуги платные;Хирургия;Хирургия;2102;1 рана;730;;;0.00;0.00;
Цистоскопия кошки,собаки мелких пород (до 10 кг);;;Услуги платные;Хирургия;Хирургия;48677;1 голова;3060;;;0.00;0.00;
Экспресс-спермограмма;;;Услуги платные;Хирургия;Хирургия;494611;1 голова;1080;;;0.00;0.00;
Эндоскопическое лечение уролитиаза собаки средних пород (от 11 до 30кг);;;Услуги платные;Хирургия;Хирургия;48694;1 голова;6150;;;0.00;0.00;
TPLO при разрыве передней крестообразной связки  собаки более 40 кг (2023);;Kошкu кopomкошертсные;Услуги платные;Хирургия;Хирургия;2243;1 голова;28000;;;0.00;0.00;
TPLO при разрыве передней крестообразной связки  собаки от 10 до 25 кг;;Kошкu кopomкошертсные;Услуги платные;Хирургия;Хирургия;2241;1 голова;22000;;;0.00;0.00;
TPLO при разрыве передней крестообразной связки  собаки от 25 до 40 кг;;Kошкu кopomкошертсные;Услуги платные;Хирургия;Хирургия;2242;1 голова;25000;;;0.00;0.00;
TPLO при разрыве передней крестообразной связки кошки, собаки до 10 кг;;Kошкu кopomкошертсные;Услуги платные;Хирургия;Хирургия;2240;1 голова;18000;;;0.00;0.00;
Адреналэктомия у хорька;;Kошкu кopomкошертсные;Услуги платные;Хирургия;Хирургия;4859;1 голова;1845;;;0.00;0.00;
Ампутация конечности кошки, собаки до 10 кг. (2023);;Kошкu кopomкошертсные;Услуги платные;Хирургия;Хирургия;2255;1 конечность;5000;;;0.00;0.00;
Ампутация конечности собаки от 10 кг *;;Кошки дпинношерстные;Услуги платные;Хирургия;Хирургия;2256;1 конечность;10000;;;0.00;0.00;
Ампутация пальца * (2023);;Кошки дпинношерстные;Услуги платные;Хирургия;Хирургия;2254;1 палец;2000;;;0.00;0.00;
Артродез. Кошки, собаки 1-9 кг (2023);;Кошки дпинношерстные;Услуги платные;Хирургия;Хирургия;2189;1 конечность;20000;;;0.00;0.00;
Артродез. Собаки 10-24 кг (2023);;Йоркширский  тepьep;Услуги платные;Хирургия;Хирургия;2190;1 конечность;22000;;;0.00;0.00;
Артродез. Собаки 25-54 кг (2023);;Йоркширский  тepьep;Услуги платные;Хирургия;Хирургия;2191;1 конечность;25000;;;0.00;0.00;
Артродез. Собаки более 55 кг (2023);;Шпиц;Услуги платные;Хирургия;Хирургия;2192;1 конечность;28000;;;0.00;0.00;
Артропункция (2019);;Шпиц;Услуги платные;Хирургия;Хирургия;4865;1 голова;570;;;0.00;0.00;
Аспирация жидкости из брюшной полости (собаки, кошки);;Шпиц японский более 7 кг;Услуги платные;Хирургия;Хирургия;2018;1 голова;1200;;;0.00;0.00;
Аспирация жидкости/воздуха из плевральной полости у кошек;;Шпиц японский более 7 кг;Услуги платные;Хирургия;Хирургия;2016;1 голова;1000;;;0.00;0.00;
Аспирация жидкости/воздуха из плевральной полости у собак;;Пудель (карликовый, той);Услуги платные;Хирургия;Хирургия;2017;1 голова;1500;;;0.00;0.00;
Бронхоальвеолярный лаваж . Кошки, собаки мелких пород ( до 10 кг) Отбор материала без (2023);;Пудель (карликовый, той);Услуги платные;Хирургия;Хирургия;2217;1 голова;3000;;;0.00;0.00;
Бронхоальвеолярный лаваж . Кошки, собаки мелких пород ( до 10 кг) с отбором материала и эндоскопической диагностикой (2023);;Пудель (карликовый, той);Услуги платные;Хирургия;Хирургия;2214;1 голова;9000;;;0.00;0.00;
Бронхоальвеолярный лаваж. Собаки крупных пород ( от 30 кг) с отбором материала и эндоскопической диагностикой (2023);;Пудель  (малый, средний);Услуги платные;Хирургия;Хирургия;2216;1 голова;12000;;;0.00;0.00;
Бронхоальвеолярный лаваж. Собаки крупных пород (от 30 кг) Отбор материала для исследований без проведения эндоскопической диагностики. (2023);;Пудель  (малый, средний);Услуги платные;Хирургия;Хирургия;2219;1 голова;4000;;;0.00;0.00;
Бронхоальвеолярный лаваж. Собаки средних пород ( 11-30 кг) с отбором материала и эндоскопической диагностикой (2023);;Пудель  (малый, средний);Услуги платные;Хирургия;Хирургия;2215;1 голова;10500;;;0.00;0.00;
Бронхоальвеолярный лаваж. Собаки средних пород( 11-30 кг) Отбор материала для исследований без проведения эндоскопической диагностики. (2023);;Пудель (королевский);Услуги платные;Хирургия;Хирургия;2218;1 голова;3500;;;0.00;0.00;
Вазотомия;;Пудель (королевский);Услуги платные;Хирургия;Хирургия;48691;1 голова;4590;;;0.00;0.00;
Вентральная буллотомия (2023);;Пудель (королевский);Услуги платные;Хирургия;Хирургия;2231;1 голова;10500;;;0.00;0.00;
Вправление выпавшей матки, влагалища (2023);;Мальтийская болонка, русская цветная болонка, мальтипу;Услуги платные;Хирургия;Хирургия;2162;1 голова;2500;;;0.00;0.00;
Вправление прямой кишки;;Мальтийская болонка, русская цветная болонка, мальтипу;Услуги платные;Хирургия;Хирургия;2161;1 голова;1500;;;0.00;0.00;
Временный артродез. Кошка, собака 1-9 кг (2023);;Спаниель;Услуги платные;Хирургия;Хирургия;2185;1 конечность;15000;;;0.00;0.00;
Временный артродез. Собаки 10-24 кг (2023);;Спаниель;Услуги платные;Хирургия;Хирургия;2186;1 конечность;18000;;;0.00;0.00;
Временный артродез. Собаки 25-54 кг (2023);;Спаниель;Услуги платные;Хирургия;Хирургия;2187;1 конечность;20000;;;0.00;0.00;
Временный артродез. Собаки более 55 кг (2023);;Лабрадор;Услуги платные;Хирургия;Хирургия;2188;1 конечность;25000;;;0.00;0.00;
Гастроскопия кошке, собаке до 10 кг (2023);;Лабрадор;Услуги платные;Хирургия;Хирургия;2193;1 голова;5000;;;0.00;0.00;
Гастроскопия собаке 11-30 кг (2023);;Ретривер;Услуги платные;Хирургия;Хирургия;2194;1 голова;7000;;;0.00;0.00;
Гастроскопия собаке более 30 кг (2023);;Вельш-корги;Услуги платные;Хирургия;Хирургия;2194;1 голова;8500;;;0.00;0.00;
Грыжесечение ( пупочной грыжи) * (2023);;Вельш-корги;Услуги платные;Хирургия;Хирургия;2157;1 голова;4000;;;0.00;0.00;
Грыжесечение (паховой грыжи) * (2023);;Гриффон;Услуги платные;Хирургия;Хирургия;2158;1 голова;5000;;;0.00;0.00;
Грыжесечение (промежностной грыжи) *;;Гриффон;Услуги платные;Хирургия;Хирургия;2159;1 голова;8000;;;0.00;0.00;
Диагностическая лапаротомия . Гемабдомен. Собаки от 10 кг (2023);;Гриффон;Услуги платные;Хирургия;Хирургия;2143;1 голова;10000;;;0.00;0.00;
Диагностическая лапаротомия кошки, собаки до 10 кг * (2023);;Джек Рассел гладкошерстный;Услуги платные;Хирургия;Хирургия;2140;1 голова;4000;;;0.00;0.00;
Диагностическая лапаротомия с целью взятия биопсийного материала. Кошки, собаки до 10 кг (2023);;Джек Рассел гладкошерстный;Услуги платные;Хирургия;Хирургия;2144;1 голова;8500;;;0.00;0.00;
Диагностическая лапаротомия с целью взятия биопсийного материала. Собаки более 10 кг (2023);;Джек Рассел гладкошерстный;Услуги платные;Хирургия;Хирургия;2145;1 голова;11000;;;0.00;0.00;
Диагностическая лапаротомия собаки  от 10 кг * (2023);;Петербургская орхидея;Услуги платные;Хирургия;Хирургия;2141;1 голова;5500;;;0.00;0.00;
Диагностическая лапаротомия. Гемабдомен. Кошки, собаки до 10 кг (2023);;Петербургская орхидея;Услуги платные;Хирургия;Хирургия;2142;1 голова;8000;;;0.00;0.00;
Диагностическая торакотомия у кошек, собак до 10 кг (2023);;Керри блю терьер;Услуги платные;Хирургия;Хирургия;2132;1 голова;8500;;;0.00;0.00;
Диагностическая торакотомия у собак от 10 кг (2023);;Керри блю терьер;Услуги платные;Хирургия;Хирургия;2133;1 голова;9000;;;0.00;0.00;
Ингаляционная анестезия. Пациентам 1-2 класса по степени анестезиологического риска (осмотр анестезиолога, выполнение процедуры выведения из наркоза путем инфузионной терапии);;Пшеничный мягкошерстный терьер;Услуги платные;Хирургия;Хирургия;4755;1 голова;2500;;;0.00;0.00;
Ингаляционная анестезия. Пациентам 3 класса по степени анестезиологического риска;;Пшеничный мягкошерстный терьер;Услуги платные;Хирургия;Хирургия;4756;1 голова;3000;;;0.00;0.00;
Ингаляционная анестезия. Пациентам 5 класса по степени анестезиологического риска;;Керн-терьер;Услуги платные;Хирургия;Хирургия;4758;1 голова;5000;;;0.00;0.00;
Кастрация кобеля (полная стоимость с учетом приема животного, без стоимости дополнительных исследований, расходных материалов и лекарственных средств) * (2023);;Керн-терьер;Услуги платные;Хирургия;Хирургия;2122;1 голова;7000;;;0.00;0.00;
Кастрация кобеля при крипторхизме (брюшная область) * (2023);;Аляскинский маламут, самоед;Услуги платные;Хирургия;Хирургия;2124;1 голова;13000;;;0.00;0.00;
Удаление инородного тела  из глотки (2023);;Лабрадор, очарка (к/ш), хаски;Услуги платные;Хирургия;Хирургия;2124;1 голова;205;;;0.00;0.00;
Кастрация кобеля при крипторхизме (паховая область) * (2023);;Овчарка длинношерстная;Услуги платные;Хирургия;Хирургия;2123;1 голова;9000;;;0.00;0.00;
Кастрация кота,хорька,кролика (полная стоимость с учетом приема животного, без стоимости дополнительных исследований, расходных материалов и лекарственных средств) * (2023);;Гигантские породы собак;Услуги платные;Хирургия;Хирургия;2119;1 голова;2000;;;0.00;0.00;
Кастрация кота,хорька,кролика при крипторхизме (брюшная полость) * (2023);;Дополнительные услуги;Услуги платные;Хирургия;Хирургия;2121;1 голова;4000;;;0.00;0.00;
Кастрация кота,хорька,кролика при крипторхизме (паховая область) * (2023);;;Услуги платные;Хирургия;Хирургия;2120;1 голова;2500;;;0.00;0.00;
Колонопексия кошки, собаки до 10 кг (2023);;;Услуги платные;Хирургия;Хирургия;2206;1 голова;5500;;;0.00;0.00;
Колонопексия собаки более 10 кг;;;Услуги платные;Хирургия;Хирургия;2207;1 голова;6500;;;0.00;0.00;
Колонотомия (кошки);;;Услуги платные;Хирургия;Хирургия;4855;1 голова;3060;;;0.00;0.00;
Колонотомия (собаки);;;Услуги платные;Хирургия;Хирургия;4855;1 голова;5085;;;0.00;0.00;
Консервативное лечение пиометры;;;Услуги платные;Хирургия;Хирургия;49624;1 голова;915;;;0.00;0.00;
Коррекция брахицефалического синдрома ( ларингоскопия, пластика мягкого неба, ринопластика) (2023);;;Услуги платные;Хирургия;Хирургия;2232;1 голова;11500;;;0.00;0.00;
Коррекция БЦС ларингоскопия+пластика мягкого неба+ удаление ларингеальных мешочков) (2023);;;Услуги платные;Хирургия;Хирургия;2233;1 голова;7500;;;;;
Лапароскопически ассистированные операции на брюшной полости собаки средних пород (от 11 до 30кг);;;Услуги платные;Хирургия;Хирургия;48697;1 голова;7125;;;;;
Лимфаденэктомия (кошка);;;Услуги платные;Хирургия;Хирургия;486992;1 голова;3500;;;;;
Лимфаденэктомия (собака);;;Услуги платные;Хирургия;Хирургия;486992;1 голова;4000;;;;;
Обработка швов (2023);;;Услуги платные;Хирургия;Хирургия;2112;1 голова;155;;;;;
Овариоэктомия кошки, хорька, кролика (полная стоимость с учетом приема животного, без стоимости дополнительных исследований, расходных материалов и лекарственных средств) * (2023);;;Услуги платные;Хирургия;Хирургия;2126;1 голова;3500;;;;;
Удаление инородного тела  из шейной части  пищевода (2023);;;Услуги платные;Хирургия;Хирургия;2126;1 голова;1500;;;;;
Овариоэктомия суки до 10 кг (полная стоимость с учетом приема животного, без стоимости дополнительных исследований, расходных материалов и лекарственных средств) * (2023);;;Услуги платные;Хирургия;Хирургия;2127;1 голова;8000;;;;;
Овариоэктомия суки от 10  до 30 кг  (полная стоимость с учетом приема животного, без стоимости дополнительных исследований, расходных материалов и лекарственных средств) * (2023);;;Услуги платные;Хирургия;Хирургия;2128;1 голова;9500;;;;;
Операции на  пищеводе (2023);;;Услуги платные;Хирургия;Хирургия;2128;1 голова;7000;;;;;
Овариоэктомия суки от 30 кг и выше  (полная стоимость с учетом приема животного, без стоимости дополнительных исследований, расходных материалов и лекарственных средств) * (2023);;;Услуги платные;Хирургия;Хирургия;2129;1 голова;11500;;;;;
Удаление инородного тела из ушного канала простое (2023);;;Услуги платные;Хирургия;Хирургия;2129;1 ухо;120;;;;;
Оперативное лечение внепеченочного портосистемного шунта (2023);;;Услуги платные;Хирургия;Хирургия;2221;1 голова;20000;;;;;
Операции на желчном протоке  кошек, собак до 10 кг (2023);;;Услуги платные;Хирургия;Хирургия;2151;1 голова;11000;;;;;
Операции на желчном протоке собак от 10-25 кг (2023);;;Услуги платные;Хирургия;Хирургия;2152;1 голова;12500;;;;;
Операции на желчном протоке собак от 25-50 кг (2023);;;Услуги платные;Хирургия;Хирургия;2153;1 голова;13000;;;;;
Операции на желчном протоке собак от 50 кг (2023);;;Услуги платные;Хирургия;Хирургия;2154;1 голова;14000;;;;;
Операции на суставах и сухожильно-связочном аппарате;;;Услуги платные;Хирургия;Хирургия;4836;1 голова;3055;;;;;
Операции при завороте желудка (2023);;;Услуги платные;Хирургия;Хирургия;2146;1 голова;12000;;;;;
Операции при инвагинации кишечника, резекция кишечника;;;Услуги платные;Хирургия;Хирургия;2155;1 голова;6000;;;;;
Определение времени вязки при помощи детектора беременности;;;Услуги платные;Хирургия;Хирургия;494615;1 голова;785;;;;;
Определение времени вязки при помощи детектора течки;;;Услуги платные;Хирургия;Хирургия;494614;1 голова;785;;;;;
Остеосинтез * (простой собаки 10-25 *);;;Услуги платные;Хирургия;Хирургия;4831;1 голова;18000;;;;;
Отбор биопсийного материала;;;Услуги платные;Хирургия;Хирургия;486861;1 процедура;1500;;;;;
Отбор проб для исследования на хеликобактер;;;Услуги платные;Хирургия;Хирургия;48471;1 процедура;510;;;;;
Открытая репозиция при переломе костей;;;Услуги платные;Хирургия;Хирургия;4867;1 конечность;1050;;;;;
Отрыв подвздошно- крестцового сочленения кошка, собака 1-9 кг (2023);;;Услуги платные;Хирургия;Хирургия;2181;1 конечность;15000;;;;;
Отрыв подвздошно- крестцового сочленения собаки 10-24 кг (2023);;;Услуги платные;Хирургия;Хирургия;2182;1 конечность;18000;;;;;
Отрыв подвздошно- крестцового сочленения собаки более 55 кг (2023);;;Услуги платные;Хирургия;Хирургия;2184;1 конечность;23000;;;;;
Отрыв подвздошно-крестцового сочленения собаки 25-54 кг (2023);;;Услуги платные;Хирургия;Хирургия;2183;1 конечность;20000;;;;;
Парциальная резекция желудка  у  собак более 10 кг с диагностичекой лапаротомией (2023);;;Услуги платные;Хирургия;Хирургия;2175;1 голова;11500;;;;;
Парциальноя резекция желудка. У кошек, собак до 10 кг с диагностичекой лапаротомией (2023);;;Услуги платные;Хирургия;Хирургия;2174;1 голова;9500;;;;;
Пересадка слюнного протока (2019);;;Услуги платные;Хирургия;Хирургия;4856;1 голова;3000;;;;;
Пластика вульвы у кошек и собак до 10 кг (2023);;;Услуги платные;Хирургия;Хирургия;2165;1 голова;8000;;;;;
Пластика вульвы у собак более 10 кг (2023);;;Услуги платные;Хирургия;Хирургия;2166;1 голова;10000;;;;;
Пластика лицевой брахицефалической складки (2023);;;Услуги платные;Хирургия;Хирургия;2235;1 голова;6500;;;;;
Пластика носа (расширение ноздрей);;;Услуги платные;Хирургия;Хирургия;486994;1 голова;6000;;;;;
Пластика препуция у собак до 10 кг (2023);;;Услуги платные;Хирургия;Хирургия;2179;1 голова;1900;;;;;
Пластика препуция у собак от 10 кг (2023);;;Услуги платные;Хирургия;Хирургия;2180;1 голова;2500;;;;;
Постановка дренажной системы с первичным промыванием дренажа (2023);;;Услуги платные;Хирургия;Хирургия;2105;1 рана;550;;;;;
Постановка торакального дренажа у  собак от 10  кг (2023);;;Услуги платные;Хирургия;Хирургия;2139;1 голова;2500;;;;;
Постановка торакального дренажа у кошек, собак до 10 кг (2023);;;Услуги платные;Хирургия;Хирургия;2138;1 голова;2000;;;;;
Превентивная гастропексия;;;Услуги платные;Хирургия;Хирургия;48692;1 голова;8145;;;;;
Проводниковая анестезия перефирического нерва;;;Услуги платные;Хирургия;Хирургия;47542;1 процедура;1000;;;;;
Протезирование семенника (без стоимости протеза) (2019);;;Услуги платные;Хирургия;Хирургия;49404;1 голова;5085;;;;;
Профессиональная гигиена ротовой полости (кошка, собака до 10 кг) (2022);;;Услуги платные;Хирургия;Хирургия;48701;1 голова;5000;;;;;
Профессиональная гигиена ротовой полости (собака от 10 кг) (2022);;;Услуги платные;Хирургия;Хирургия;48702;1 голова;7000;;;;;
Реанимация 1 плода после кесарево сечения*;;;Услуги платные;Хирургия;Хирургия;49467;1 голова;500;;;;;
Регионарная мастэктомия кошки (удаление одного -трех пакетов молочных желез) (2023);;;Услуги платные;Хирургия;Хирургия;2204;1 голова;6500;;;;;
Регионарная мастэктомия собаки (удаление одного -трех пакетов молочных желез) (2023);;;Услуги платные;Хирургия;Хирургия;2205;1 голова;7500;;;;;
Резекция прямой кишки * (2023);;;Услуги платные;Хирургия;Хирургия;2160;1 голова;5000;;;;;
Ринотомия. Кошки, собаки мелких пород ( до 10 кг) (2023);;;Услуги платные;Хирургия;Хирургия;2236;1 голова;6500;;;;;
Ринотомия. Собаки крупных пород ( более 30 кг) (2023);;;Услуги платные;Хирургия;Хирургия;2238;1 голова;10500;;;;;
Ринотомия. Собаки средних пород (11-30 кг) (2023);;;Услуги платные;Хирургия;Хирургия;2237;1 голова;8500;;;;;
Седация для осмотра ветеринарного врача;;;Услуги госзадание;Хирургия;Хирургия;47562;манипуляция;1000;;;;;
Сердечно-легочная реанимация* (1 категория*);;;Услуги платные;Хирургия;Хирургия;47510;1 манипуляция;4000;;;;;
Сердечно-легочная реанимация* (2 категория*);;;Услуги платные;Хирургия;Хирургия;47510;1 манипуляция;6000;;;;;
Скортэктомия при кастрации кобеля (удаление мошонки) (2023);;;Услуги платные;Хирургия;Хирургия;2125;1 голова;3500;;;;;
Снятие металличской конструкции у собаки (2023);;;Услуги платные;Хирургия;Хирургия;2116;1 голова;1500;;;;;
Снятие швов (2023);;;Услуги платные;Хирургия;Хирургия;2111;1 голова;200;;;;;
Снятие эзофагостомы (2023);;;Услуги платные;Хирургия;Хирургия;2118;1 голова;500;;;;;
Стентирование трахеи ( без учета стоимости стента) (2023);;;Услуги платные;Хирургия;Хирургия;2220;1 голова;10000;;;;;
Торакоскопия (кошки, собаки мелких пород до 10 кг.);;;Услуги платные;Хирургия;Хирургия;48699;1 голова;12000;;;;;
Торакоскопия (собаки крупных пород более 30 кг.);;;Услуги платные;Хирургия;Хирургия;48699;1 голова;17000;;;;;
Торакоскопия (собаки средних пород 11-30 кг.);;;Услуги платные;Хирургия;Хирургия;48699;1 голова;15000;;;;;
Транспозиция кожного лоскута (до 10 см);;;Услуги платные;Хирургия;Хирургия;486991;1 голова;5000;;;;;
Трахеостомия врменная;;;Услуги платные;Хирургия;Хирургия;2228;1 голова;3500;;;;;
Трахеостомия постоянная (2023);;;Услуги платные;Хирургия;Хирургия;2229;1 голова;6500;;;;;
Удаление голосовых связок*;;;Услуги платные;Хирургия;Хирургия;49401;1 голова;4000;;;;;
Удаление иксодового клеща (2023);;;Услуги платные;Хирургия;Хирургия;2131;1 процедура;350;;;;;
Удаление инородного тела из ушного канала сложное (2023);;;Услуги платные;Хирургия;Хирургия;2130;1 ухо;305;;;;;
Удаление камней из мочевого пузыря во время оперативного вмешательства;;;Услуги платные;Хирургия;Хирургия;4853;1 голова;420;;;;;
Удаление новообразований влагалища у кошек и собак до 10 кг (2023);;;Услуги платные;Хирургия;Хирургия;2163;1 голова;5500;;;;;
Удаление новообразований влагалища у собак от 10 кг (2023);;;Услуги платные;Хирургия;Хирургия;2164;1 голова;6500;;;;;
Удаление опухоли большой * (2023);;;Услуги платные;Хирургия;Хирургия;2248;1 опухоль;8500;;;;;
Удаление опухоли малой * (2023);;;Услуги платные;Хирургия;Хирургия;2246;1 опухоль;3000;;;;;
Удаление опухоли средней * (2023);;;Услуги платные;Хирургия;Хирургия;2247;1 опухоль;5000;;;;;
Удаление селезенки кошки (2023);;;Услуги платные;Хирургия;Хирургия;2170;1 голова;6000;;;;;
Удаление селезенки собаки (2023);;;Услуги платные;Хирургия;Хирургия;2169;1 голова;8000;;;;;
Унилатеральная мастэктомия у кошки, собаки до 10 кг * (2023);;;Услуги платные;Хирургия;Хирургия;2200;1 голова;6000;;;;;
Унилатеральная мастэктомия у собаки, 10-25 кг * (2023);;;Услуги платные;Хирургия;Хирургия;2201;1 голова;8500;;;;;
Унилатеральная мастэктомия у собаки, 25-50 кг * (2023);;;Услуги платные;Хирургия;Хирургия;2202;1 голова;9500;;;;;
Унилатеральная мастэктомия у собаки, более 50 кг * (2023);;;Услуги платные;Хирургия;Хирургия;2203;1 голова;10500;;;;;
Уретростомия кота (2023);;;Услуги платные;Хирургия;Хирургия;2245;1 голова;8000;;;;;
Уретростомия собаки (2023);;;Услуги платные;Хирургия;Хирургия;2244;1 голова;10000;;;;;
Фронтотомия лобных пазух (2023);;;Услуги платные;Хирургия;Хирургия;2239;1 голова;4500;;;;;
Хирургическая обработка раны без наложения швов (2023);;;Услуги платные;Хирургия;Хирургия;2101;1 рана;400;;;;;
Хирургическое лечение диафрагмальной/перитонеоперикардиальной грыжи у кошек, собак до 10 кг (2023);;;Услуги платные;Хирургия;Хирургия;2134;1 голова;9000;;;;;
Хирургическое лечение диафрагмальной/перитонеоперикардиальной грыжи у собак от 10 кг (2023);;;Услуги платные;Хирургия;Хирургия;2135;1 голова;10500;;;;;
Хирургическое лечение паралича гортани (2023);;;Услуги платные;Хирургия;Хирургия;2230;1 голова;11500;;;;;
Хирургическое лечение пролапса уретры у кобелей до 10 кг (2023);;;Услуги платные;Хирургия;Хирургия;2177;1 голова;6000;;;;;
Хирургическое лечение разрыва мочевого пузыря кошке с диагностичексой лапаротомией, собаке (2023);;;Услуги платные;Хирургия;Хирургия;2176;1 голова;5000;;;;;
Хирургическое лечение хилоторакса у кошек, собак  до 10 кг (2023);;;Услуги платные;Хирургия;Хирургия;2136;1 голова;10500;;;;;
Хирургическое лечение хилоторакса у собак от 10  кг (2023);;;Услуги платные;Хирургия;Хирургия;2137;1 голова;12000;;;;;
Холецистоэктомия (удаление желчного пузыря);;;Услуги платные;Хирургия;Хирургия;48621;1 голова;8000;;;;;
Цистотомия (2023);;;Услуги платные;Хирургия;Хирургия;2173;1 голова;5500;;;;;
Экстрипация параанальных синусов * (2023);;;Услуги платные;Хирургия;Хирургия;2199;1 голова;3000;;;;;
Эндоскопическая кастрация, кобели при крипторхизме кошки, собаки мелких пород ( до 10 кг) (2023);;;Услуги платные;Хирургия;Хирургия;2225;1 голова;6500;;;;;
Эндоскопическая кастрация, кобели при крипторхизме, собаки от 11-30 кг (2023);;;Услуги платные;Хирургия;Хирургия;2226;1 голова;8500;;;;;
Эндоскопическая кастрация, кобели при крипторхизме, собаки от 30 кг (2023);;;Услуги платные;Хирургия;Хирургия;2227;1 голова;10500;;;;;
Эндоскопические операции (риноскопия,ларингоскопия,трахеоскопия,бронхоскопия,  отоскопия) кошки,собаки мелких пород (до 10 кг);;;Услуги платные;Хирургия;Хирургия;48671;1 голова;4000;;;;;
Эндоскопические операции (риноскопия,ларингоскопия,трахеоскопия,бронхоскопия,  отоскопия) собаки средних пород (от 11 до 30кг);;;Услуги платные;Хирургия;Хирургия;48672;1 голова;5500;;;;;
Эндоскопическое удаление инородных тел из гортани/трахеи/носа/бронхов. Кошки, собаки мелких пороод ( до 10 кг) (2023);;;Услуги платные;Хирургия;Хирургия;2208;1 голова;9000;;;;;
Эндоскопическое удаление инородных тел из гортани/трахеи/носа/бронхов. Собаки крупных пород ( более 30 кг) (2023);;;Услуги платные;Хирургия;Хирургия;2210;1 голова;12000;;;;;
Эндоскопическое удаление инородных тел из гортани/трахеи/носа/бронхов. Собаки средних пород ( 11-30 кг) (2023);;;Услуги платные;Хирургия;Хирургия;2209;1 голова;10500;;;;;
Эндоскопическое удаление инородных тел из ЖКТ кошке, собаке до 10 кг (2023);;;Услуги платные;Хирургия;Хирургия;2196;1 голова;9500;;;;;
Эндоскопическое удаление инородных тел из ЖКТ собаке от 11-30 кг (2023);;;Услуги платные;Хирургия;Хирургия;2197;1 голова;11000;;;;;
Эндоскопическое удаление патологических образований из носа/уха/гортани/трахеи. Кошки/собаки мелких пород до 10 кг (2023);;;Услуги платные;Хирургия;Хирургия;2211;1 голова;9000;;;;;
Эндоскопическое удаление патологических образований из носа/уха/гортани/трахеи. Собаки крупных пород ( более 30 кг) (2023);;;Услуги платные;Хирургия;Хирургия;2213;1 голова;12000;;;;;
Эндоскопическое удаление патологических образований из носа/уха/гортани/трахеи. Собаки средних пород (11-30 кг) (2023);;;Услуги платные;Хирургия;Хирургия;2212;1 голова;10500;;;;;
Эндоскопическое удаление реминантного яичника/кисты яичника, кошки и собаки мелких пород ( до 10 кг ) (2023);;;Услуги платные;Хирургия;Хирургия;2222;1 голова;6500;;;;;
Эндоскопическое удаление реминантного яичника/кисты яичника, собаки крупных пород ( 11-30 кг) (2023);;;Услуги платные;Хирургия;Хирургия;2223;1 голова;8500;;;;;
Эндоскопическое удаление реминантного яичника/кисты яичника, собаки средних пород ( более 30 кг) (2023);;;Услуги платные;Хирургия;Хирургия;2224;1 голова;10500;;;;;
Энтеротомия*;;;Услуги платные;Хирургия;Хирургия;2148;1 голова;5500;;;;;
Эпиглотопексия (2023);;;Услуги платные;Хирургия;Хирургия;2234;1 голова;5000;;;;;
Эпидуральная анестезия;;;Услуги платные;Хирургия;Хирургия;47541;1 процедура;1300;;;;;
Парциальная резекция мочевого пузыря у кошек и собак до 10 кг;;;Услуги платные;Хирургия;Хирургия;;1 голова;7000;;;;;
Парциальная резекция мочевого пузыря у собак от 10 кг;;;Услуги платные;Хирургия;Хирургия;;1 голова;8500;;;;;
;;;;;;;;;;;;;
Новокаиновая блокада простая (2019);;;Услуги платные;Общий прием;Общий прием;4755;1 блокада;250;;;;;
Удаление инородного тела из ротовой полости (2019);;;Услуги платные;Общий прием;Общий прием;2123;1 процедура;120;;;;;
Операция на грудной части пищевода с терактомией (инородное тело, дивертикул) (2020);;;Услуги платные;Общий прием;Общий прием;2127;1 голова;4500;;;;;
Груминг собак Шпиц (Гигиенический уход));;;Услуги платные;Общий прием;Общий прием;48702;1 голова;2300;;;;;
Груминг собак Шпиц (Комплексный уход);;;Услуги платные;Общий прием;Общий прием;48702;1 голова;3000;;;;;
Груминг собак Шпиц (Японский и более 7 кг, гигиенический уход));;;Услуги платные;Общий прием;Общий прием;48702;1 голова;2500;;;;;
Груминг собак Шпиц (Японский и более 7 кг, комплексный уход);;;Услуги платные;Общий прием;Общий прием;48702;1 голова;3500;;;;;
Резекция наружного слухового прохода;;;Услуги платные;Общий прием;Общий прием;2130;1 ухо;2500;;;;;
Вправление вывихов простых (2019);;;Услуги платные;Общий прием;Общий прием;4837;1 голова;720;;;;;
Вправление вывихов сложных (старых);;;Услуги платные;Общий прием;Общий прием;4838;1 голова;2550;;;;;
Гастропексия (2019);;;Услуги платные;Общий прием;Общий прием;4866;1 голова;1220;;;;;
ГОСУСЛУГА Каниген DHA2PPi/L (2020);;;Биопрепараты;Общий прием;Общий прием;DHA2PPi/L;1 введение;0;;;;;
ГОСУСЛУГА Рабиген Моно (2020);;;Биопрепараты;Общий прием;Общий прием;R;1 введение;0;;;;;
Nobivac R 2020 ((Nobivac R) 2020);;;Биопрепараты;Общий прием;Общий прием;R;1 введение;0;;;;;
ГОСУСЛУГА Нобивак Rabies (2020);;;Биопрепараты;Общий прием;Общий прием;R;1 введение;0;;;;;
Рабизин (Рабизин 2020);;;Биопрепараты;Общий прием;Общий прием;R;1 введение;0;;;;;
Диагностическая лапароскопия кошки,собаки мелких пород (до 10 кг) (2019);;;Услуги платные;Общий прием;Общий прием;48683;1 голова;5085;;;;;
Диагностическая лапароскопия собаки средних пород (от 11 до 30кг);;;Услуги платные;Общий прием;Общий прием;48684;1 голова;6120;;;;;
Дополнительные услуги (Бритьё на голо);;;Услуги платные;Общий прием;Общий прием;487027;1 голова;2300;;;;;
Дополнительные услуги (Вычес колтунов 1 категория);;;Услуги платные;Общий прием;Общий прием;487027;1 голова;500;;;;;
Дополнительные услуги (Вычес колтунов 2 категория);;;Услуги платные;Общий прием;Общий прием;487027;1 голова;1000;;;;;
Дополнительные услуги (Вычес колтунов 3 категория);;;Услуги платные;Общий прием;Общий прием;487027;1 голова;1500;;;;;
Дополнительные услуги (Креативный груминг (окрашивание));;;Услуги платные;Общий прием;Общий прием;487027;1 голова;800;;;;;
Дополнительные услуги (Маска для шерсти);;;Услуги платные;Общий прием;Общий прием;487027;1 голова;500;;;;;
Фиксация животного (2024);;;Услуги платные;Общий прием;Общий прием;487027;1 голова;250;;;;;
Лапароскопически ассистированные операции на брюшной полости Собаки крупных пород (более 30 кг);;;Услуги платные;Общий прием;Общий прием;48698;1 голова;7635;;;;;
Наложение сложной повязки (2019);;;Услуги платные;Общий прием;Общий прием;2109;1 голова;240;;;;;
Оперативное лечение спаечной болезни (2019);;;Услуги платные;Общий прием;Общий прием;4857;1 голова;2400;;;;;
Операции на желчном пузыре;;;Услуги платные;Общий прием;Общий прием;2156;1 голова;6000;;;;;
Операции на позвоночном столбе (2019);;;Услуги платные;Общий прием;Общий прием;4844;1 голова;3600;;;;;
Операции на предстательной железе с удалением и пластикой уретры (2019);;;Услуги платные;Общий прием;Общий прием;4850;1 голова;4440;;;;;
Плазмаферез (2021);;;Услуги платные;Общий прием;Общий прием;47495;1 процедура;7550;;;;;
Прием  трупа домашнего животного с последующей кремацией (до 10 кг);;;Услуги платные;Общий прием;Общий прием;50652;1 голова;1125;;;;;
Прием  трупа домашнего животного с последующей кремацией (от 30 кг);;;Услуги платные;Общий прием;Общий прием;50652;1 голова;2550;;;;;
Пункционная декомпрессия желудка (2019);;;Услуги платные;Общий прием;Общий прием;4842;манипуляция;610;;;;;
Удаление почки кошки (2023);;;Услуги платные;Общий прием;Общий прием;2167;1 голова;6000;;;;;
УЗИ органов малого таза на беременность;;;Услуги платные;Общий прием;Общий прием;4964;1 процедура;1500;;;;;
Цистоскопия собаки крупных пород (более 30 кг);;;Услуги платные;Общий прием;Общий прием;48679;1 голова;5000;;;;;
Цистоскопия собаки средних пород (от 11 до 30кг);;;Услуги платные;Общий прием;Общий прием;48678;1 голова;4000;;;;;
Эндоскопическое лечение уролитиаза собаки крупных пород (более 30 кг) (2019);;;Услуги платные;Общий прием;Общий прием;48695;1 голова;6610;;;;;
ЭЭГ;;;Услуги платные;Общий прием;Общий прием;4968;манипуляция;1350;;;;;
1.2 Оформление и выдача ветеринарных документов;;;Услуги платные;Общий прием;Общий прием;4677;;0;;;;;
1.2.10 Проведение профилактического клинического осмотра партии продуктивных животных (КРС, МРС, свиньи, лошади и др.), принадлежащих одному физическому или юридическому лицу при выдаче  ветеринарных свидетельств ф.№1, ветеринарных сертификатов ф. №1, ветеринарн;;;Услуги платные;Общий прием;Общий прием;4687;свыше 5 голов за каждую голову;20;;;;;
1.2.3 Проведение профилактического клинического осмотра  мелких домашних  животных;;;Услуги платные;Общий прием;Общий прием;4680;1 голова;400;;;;;
1.2.3 Проведение профилактического клинического осмотра  мелких домашних  животных (Осмотр Госуслуга);;;Услуги платные;Общий прием;Общий прием;4680;1 голова;0;;;;;
1.3  Диагностика и профилактика болезней;;;Услуги платные;Общий прием;Общий прием;4694;;0;;;;;
1.3.2. Лечебно-профилактические обработки и вакцинации мелких домашних животных (против  гельминтов);;;Услуги платные;Общий прием;Общий прием;4696;1 обработка;290;;;;;
1.3.2. Лечебно-профилактические обработки и вакцинации мелких домашних животных (против дерматофитозов);;;Услуги платные;Общий прием;Общий прием;4696;1 обработка;290;;;;;
1.3.2. Лечебно-профилактические обработки и вакцинации мелких домашних животных (против эктопаразитов);;;Услуги платные;Общий прием;Общий прием;4696;1 обработка;290;;;;;
1.3.3. Лечебно-профилактические обработки и вакцинации сельскохозяйственных животных против эктопаразитов, гельминтозов и арахноэнтомозов, дерматомикозов, гиподерматоза  (без учета стоимости препаратов и расходных материалов);;;Услуги платные;Общий прием;Общий прием;4698;1 голова;60;;;;;
1.3.3.1. Каждая последующая обработка в период назначенного курса лечения (без учета стоимости расходных материалов и клинического осмотра);;;Услуги платные;Общий прием;Общий прием;4699;;30;;;;;
2 Диагностика и профилактика болезней;;;Услуги платные;Общий прием;Общий прием;4701;;0;;;;;
2.1 Процедуры;;;Услуги платные;Общий прием;Общий прием;4702;;0;;;;;
2.10 Офтальмология;;;Услуги платные;Общий прием;Общий прием;4970;;0;;;;;
2.10.56 Факоэмульсификация (2020);;;Услуги платные;Общий прием;Общий прием;5036;1 глаз;8136;;;;;
2.2.1.1. у кота;;;Услуги платные;Общий прием;Общий прием;4743;;0;;;;;
2.2.10 Обработка 1-го глаза;;;Услуги платные;Общий прием;Общий прием;4714;1 процедура;25;;;;;
2.2.15 Фиксация уретрального катетера (2019);;;Услуги платные;Общий прием;Общий прием;4719;1 голова;350;;;;;
2.2.19 Откачивание жидкости из брюшной полости (собаки, кошки) (2020);;;Услуги платные;Общий прием;Общий прием;4723;1 голова;1200;;;;;
2.2.20 Перикардиоцентез под контролем УЗИ (собаки, кошки) (2023);;;Услуги платные;Общий прием;Общий прием;4724;1 процедура;2000;;;;;
2.2.21 Прицельная биопсия под контролем УЗИ (2020);;;Услуги платные;Общий прием;Общий прием;4725;1 процедура;600;;;;;
2.2.22 Термометрия во время капельного введения;;;Услуги платные;Общий прием;Общий прием;4726;1 голова;15;;;;;
2.2.23 Фотогемотерапия (1 процедура 2019);;;Услуги платные;Общий прием;Общий прием;4727;1 процедура;153;;;;;
2.2.24 Фотогемотерапия (1 курс 5 процедур 2019);;;Услуги платные;Общий прием;Общий прием;4728;1 курс 5 процедур;600;;;;;
2.2.25 Фотогемотерапия (1 курс 10 процедур 2019);;;Услуги платные;Общий прием;Общий прием;4729;1 курс 10 процедур;814;;;;;
2.2.29 Перитониальный диализ (2019);;;Услуги платные;Общий прием;Общий прием;4733;1 процедура;1017;;;;;
2.2.32.1. Первичная нехирургическая обработка раны (при кожных болезнях) (сложная 2019);;;Услуги платные;Общий прием;Общий прием;4737;1 процедура;508;;;;;
2.2.4. Реанимационные мероприятия (2019);;;Услуги платные;Общий прием;Общий прием;4751;1 голова;264;;;;;
2.2.5. Постановка микроклизмы (2019);;;Услуги платные;Общий прием;Общий прием;4752;1 голова;203;;;;;
2.2.6. Гигиеническая чистка 1-го уха с обработкой;;;Услуги платные;Общий прием;Общий прием;4710;за 1 процедуру;100;;;;;
2.2.8. Комплекс манипуляций по переливанию крови собаке (2019);;;Услуги платные;Общий прием;Общий прием;4712;за 1 процедуру;1140;;;;;
2.3  Хирургия;;;Услуги платные;Общий прием;Общий прием;4753;;0;;;;;
2.3.20 Овариоэктомия кошки (по ЕКП);;;Услуги платные;Общий прием;Общий прием;4776;1 голова;3150;;;;;
2.3.22 Удаление яйца у птицы (2019);;;Услуги платные;Общий прием;Общий прием;4778;1 голова;366;;;;;
2.3.24 Гематома ушной раковины: (консервативное лечение 2019);;;Услуги платные;Общий прием;Общий прием;4780;1 ухо;120;;;;;
2.3.24 Гематома ушной раковины: (оперативное лечение 2020);;;Услуги платные;Общий прием;Общий прием;4780;1 ухо;1500;;;;;
2.3.24.1. Оперативное лечение;;;Услуги платные;Общий прием;Общий прием;4781;1 ухо;450;;;;;
2.3.24.2. Консервативное лечение;;;Услуги платные;Общий прием;Общий прием;4782;1 ухо;118;;;;;
2.3.26. Удаление инородного тела (из глотки 2019);;;Услуги платные;Общий прием;Общий прием;4784;1 процедура;203;;;;;
2.3.26. Удаление инородного тела (из гортани 2019);;;Услуги платные;Общий прием;Общий прием;4784;1 голова;305;;;;;
2.3.26. Удаление инородного тела (из шейной части пищевода 2019);;;Услуги платные;Общий прием;Общий прием;4784;1 голова;508;;;;;
2.3.27. То же из гортани;;;Услуги платные;Общий прием;Общий прием;4785;1 процедура;300;;;;;
2.3.30.1. простое;;;Услуги платные;Общий прием;Общий прием;4789;1 ухо;118;;;;;
2.3.30.2. сложное;;;Услуги платные;Общий прием;Общий прием;4790;1 ухо;300;;;;;
2.3.32 Операции на грудной полости кошки (2019);;;Услуги платные;Общий прием;Общий прием;4792;;3051;;;;;
2.3.33 Операции на грудной полости собаки (2019);;;Услуги платные;Общий прием;Общий прием;4793;1 голова;5085;;;;;
2.3.35 Лапароскопические операции (2019);;;Услуги платные;Общий прием;Общий прием;4795;1 голова;508;;;;;
2.3.48 Удаление камней из почек кошки (2019);;;Услуги платные;Общий прием;Общий прием;4808;1 голова;2040;;;;;
2.3.49 Удаление камней из почек собаки (2019);;;Услуги платные;Общий прием;Общий прием;4809;1 голова;3000;;;;;
2.3.8 Дренирование раны (2019);;;Услуги платные;Общий прием;Общий прием;4762;1 рана;203;;;;;
2.4 Стоматология;;;Услуги платные;Общий прием;Общий прием;4868;;0;;;;;
2.4.4. Эндодонтия:;;;Услуги платные;Общий прием;Общий прием;4907;;0;;;;;
2.6  Акушерство;;;Услуги платные;Общий прием;Общий прием;4941;;0;;;;;
2.9.11.1 Забор цитологического материала (2022);;;Услуги платные;Общий прием;Общий прием;4669121;1 голова;500;;;;;
4 Прочие ветеринарные услуги и мероприятия;;;Услуги платные;Общий прием;Общий прием;5040;;0;;;;;
4.2  Прочие услуги;;;Услуги платные;Общий прием;Общий прием;5043;;0;;;;;
4.2.1.1.Для непродуктивных животных (вызов врача на дом 2019);;;Услуги платные;Общий прием;Общий прием;5045;1 вызов;1200;;;;;
4.2.1.2. Для продуктивных (сельскохозяйственных животных) (2019);;;Услуги платные;Общий прием;Общий прием;5046;1 вызов;203;;;;;
4.2.10. Работа ДУК (2020);;;Услуги платные;Общий прием;Общий прием;5055;1 час;66;;;;;
4.2.11. за пределы города (2019);;;Услуги платные;Общий прием;Общий прием;5058;1 вызов;1800;;;;;
4.2.11. по городу (2019);;;Услуги платные;Общий прием;Общий прием;5057;1 вызов;1440;;;;;
4.2.12. Пробег автомобиля скорой помощи (2019);;;Услуги платные;Общий прием;Общий прием;5059;1 км.;18;;;;;
4.2.15. Погрузка или выгрузка животного в автомобиль (2019);;;Услуги платные;Общий прием;Общий прием;5062;1 процедура;102;;;;;
4.2.16. Подъем или спуск животного на один этаж без использования лифта (2019);;;Услуги платные;Общий прием;Общий прием;5063;1 этаж;61;;;;;
4.2.19 Проведение  консультаций, семинаров, конференций для ветеринарных специалистов, владельцев питомников, заводчиков;;;Услуги платные;Общий прием;Общий прием;50651;1 консультация;1000;;;;;
4.2.2. Доставка проб в лабораторию (2019);;;Услуги платные;Общий прием;Общий прием;5047;за 1 пробу;65;;;;;
4.2.3. Доставка трупа животного от квартиры владельца до автомобиля (2019);;;Услуги платные;Общий прием;Общий прием;5048;1 голова;102;;;;;
4.2.4. Стажировка ветеринарных врачей (2019);;;Услуги платные;Общий прием;Общий прием;5049;3 дня;720;;;;;
4.2.5. Стажировка ветеринарных врачей (2019);;;Услуги платные;Общий прием;Общий прием;5050;8 часов;240;;;;;
4.2.6. Дезинфекция помещений за 1 кв.м. (без стоимости дезсредств и прогона а/м) (2020);;;Услуги платные;Общий прием;Общий прием;5051;1 кв.м.;4;;;;;
4.2.7. Дезинсекция помещений за 1 кв.м. (без стоимости дезсредств и прогона а/м) (2020);;;Услуги платные;Общий прием;Общий прием;5052;1 кв.м.;4;;;;;
4.2.8. Дератизация помещений за 1 кв.м. в месяц (без стоимости дезсредств и прогона а/м) (2020);;;Услуги платные;Общий прием;Общий прием;5053;1 кв.м.;4;;;;;
4.2.9. Прогон автомобиля ГАЗ (2020);;;Услуги платные;Общий прием;Общий прием;5054;1 кв.м.;28;;;;;
5.1 Бактериологические исследования;;;Услуги платные;Общий прием;Общий прием;5068;1 показатель;0;;;;;
5.1.10 Исследование патматериала на колибактериоз (2023);;;Услуги платные;Общий прием;Общий прием;5070;1 проба;650;;;;;
5.1.11 Исследование фекалий на колибактериоз (2023);;;Услуги платные;Общий прием;Общий прием;5071;1 проба;600;;;;;
5.1.12 Исследование патматериала на листериоз;;;Услуги платные;Общий прием;Общий прием;5072;1 проба;520;;;;;
5.1.12 Исследование патматериала на листериоз (2023);;;Услуги платные;Общий прием;Общий прием;5072;1 проба;1450;;;;;
5.1.13 Исследование патматериала на псевдомоноз (2023);;;Услуги платные;Общий прием;Общий прием;5073;1 проба;800;;;;;
5.1.14 Исследование спермы на псевдомоноз;;;Услуги платные;Общий прием;Общий прием;5074;1 проба;210;;;;;
5.1.15 Исследование патматериала на стафилококкоз;;;Услуги платные;Общий прием;Общий прием;5075;1 проба;650;;;;;
5.1.16 Исследование патматериала на анаэробные инфекции;;;Услуги платные;Общий прием;Общий прием;5076;1 проба;2500;;;;;
5.1.17 Исследование патматериала на пастереллез;;;Услуги платные;Общий прием;Общий прием;5077;1 проба;700;;;;;
5.1.18 Исследование патматериала на стрептококкоз;;;Услуги платные;Общий прием;Общий прием;5078;1 проба;750;;;;;
5.1.2 Исследование патматериала на бруцеллез с постановкой биопробы;;;Услуги платные;Общий прием;Общий прием;5080;1 проба;3400;;;;;
5.1.21 Исследование патматериала на рожу (эризипелоид);;;Услуги платные;Общий прием;Общий прием;5082;1 проба;380;;;;;
5.1.22 Исследование фекалий на дисбактериоз (2023);;;Услуги платные;Общий прием;Общий прием;5083;1 проба;1750;;;;;
5.1.23 Санитарно-гигиеническое исследование спермы;;;Услуги платные;Общий прием;Общий прием;5084;1 проба;850;;;;;
5.1.24 Иследование спермы, влагалищной и препуциальной слизи на трихомоноз;;;Услуги платные;Общий прием;Общий прием;5085;1 проба;350;;;;;
5.1.25 Исследование кормов;;;Услуги платные;Общий прием;Общий прием;5086;1 проба;1800;;;;;
5.1.26 Исследование лекарственных средств на стерильность;;;Услуги платные;Общий прием;Общий прием;5087;1 проба;750;;;;;
5.1.27 Исследование антибактериальной активности лекарственных средств;;;Услуги платные;Общий прием;Общий прием;5088;1 проба;850;;;;;
5.1.28 Исследование воды поверхностных водоемов;;;Услуги платные;Общий прием;Общий прием;5089;1 проба;600;;;;;
5.1.29 Исследование качества дезинфекции;;;Услуги платные;Общий прием;Общий прием;5090;1 смыв;70;;;;;
5.1.3 Исследование патматериала на кампилобактериоз;;;Услуги платные;Общий прием;Общий прием;5091;1 проба;600;;;;;
5.1.30 Исследование смывов с кормокухонь на сальмонеллез (2023);;;Услуги платные;Общий прием;Общий прием;5092;1 проба;700;;;;;
5.1.31 Вскрытие трупов мелких животных в бактериологическом отделе;;;Услуги платные;Общий прием;Общий прием;5093;1 проба;60;;;;;
5.1.33 Идентификация культур микроорганизмов с помощью бактериологического анализатора Vitek-2;;;Услуги платные;Общий прием;Общий прием;5095;1 проба;720;;;;;
5.1.34 Стерильный тупфер с физраствором;;;Услуги платные;Общий прием;Общий прием;5096;1 проба;16;;;;;
5.1.35 Отбор проб в бактериологическом отделе;;;Услуги платные;Общий прием;Общий прием;5097;1 проба;100;;;;;
5.1.4 Исследование спермы на кампилобактериоз;;;Услуги платные;Общий прием;Общий прием;5099;1 проба;550;;;;;
5.1.5 Исследование патматериала на псевдотуберкулез, иерсиниоз;;;Услуги платные;Общий прием;Общий прием;5100;1 проба;900;;;;;
5.1.6 Исследование патматериала на гнильцовые заболевания пчел;;;Услуги платные;Общий прием;Общий прием;5101;1 проба;1500;;;;;
5.1.8 Исследование патматериала на условно-патогенную микрофлору (без подтитровки 2024);;;Услуги платные;Общий прием;Общий прием;5103;1 проба;1500;;;;;
5.2 Серологические исследования;;;Услуги платные;Общий прием;Общий прием;5105;1 показатель;0;;;;;
5.2.10 Сап (РСК);;;Услуги платные;Общий прием;Общий прием;5107;1 проба;80;;;;;
5.2.11 Случная болезнь лошадей (РСК);;;Услуги платные;Общий прием;Общий прием;5108;1 проба;500;;;;;
5.2.11 Случная болезнь лошадей (РСК) (без стоимости диагностики 2023);;;Услуги платные;Общий прием;Общий прием;5108;1 проба;400;;;;;
5.2.12 Инфекционная анемия лошадей (РДП);;;Услуги платные;Общий прием;Общий прием;5109;1 проба;450;;;;;
5.2.12 Инфекционная анемия лошадей (РДП) (без диагностического набора);;;Услуги платные;Общий прием;Общий прием;5109;1 проба;350;;;;;
5.2.13 Лейкоз крупного рогатого скота (ИФА) (2023);;;Услуги платные;Общий прием;Общий прием;5110;1 проба;900;;;;;
5.2.13 Лейкоз крупного рогатого скота (ИФА) (более 10 проб (1 проба));;;Услуги платные;Общий прием;Общий прием;5110;1 проба;300;;;;;
5.2.14 Лейкоз крупного рогатого скота (РИД);;;Услуги платные;Общий прием;Общий прием;5111;1 проба;350;;;;;
5.2.14 Лейкоз крупного рогатого скота (РИД) (без стоимости диагностического набора);;;Услуги платные;Общий прием;Общий прием;5111;1 проба;300;;;;;
5.2.17 Паратуберкулез (РСК);;;Услуги платные;Общий прием;Общий прием;5114;1 проба;450;;;;;
5.2.18 Инфекционный эпидидимит баранов (РДСК);;;Услуги платные;Общий прием;Общий прием;5115;1 проба;80;;;;;
5.2.19 Исследование кожевенного сырья на сибирскую язву (РП);;;Услуги платные;Общий прием;Общий прием;5116;1 проба;20;;;;;
5.2.21.1 Определение уровня прогестерона (Прогестерон 2020);;;Услуги платные;Общий прием;Общий прием;51191;1 проба;565;;;;;
Nobivac DHPPi 2020 ((Nobivac DHPPi) 2020);;;Биопрепараты;Общий прием;Общий прием;DHPPi;1 введение;0;;;;;
ГОСУСЛУГА Нобивак DHPPiL (2020);;;Биопрепараты;Общий прием;Общий прием;DHPPi;1 введение;0;;;;;
Nobivac KC 2020 ((Nobivac KC) 2020);;;Биопрепараты;Общий прием;Общий прием;KC;1 введение;0;;;;;
Nobivac L 2020 ((Nobivac L) 2020);;;Биопрепараты;Общий прием;Общий прием;L;1 введение;0;;;;;
Nobivac Tricat Trio 2020 ((Nobivac Tricat Trio) 2020);;;Биопрепараты;Общий прием;Общий прием;Tricat Trio;1 введение;0;;;;;
Азинокс плюс для собак ГЗ 2020 (Азинокс плюс для собак ГЗ 2020);;;Биопрепараты;Общий прием;Общий прием;Азинокс;1 таблетка;0;;;;;
В/в инъекции, постановка внутривенного катетера с фиксацией;;;Услуги платные;Общий прием;Общий прием;2002;1 процедура;400;;;;;
Вакдерм 2020 ((Вакдерм) 2020);;;Биопрепараты;Общий прием;Общий прием;10000;1 введение;0;;;;;
Внутрисуставное введение лекарственных препаратов;;;Услуги платные;Общий прием;Общий прием;2113;1 процедура;700;;;;;
Вскрытие абсцесса (2019);;;Услуги платные;Общий прием;Общий прием;2106;1 голова;650;;;;;
Вскрытие флегмоны (2019);;;Услуги платные;Общий прием;Общий прием;4851;1 голова;600;;;;;
Выемка штифта (2019);;;Услуги платные;Общий прием;Общий прием;2253;1 штифт;420;;;;;
Гастротомия*;;;Услуги платные;Общий прием;Общий прием;2147;1 голова;5500;;;;;
Глюкозометрия (2023);;;Услуги платные;Общий прием;Общий прием;2053;1 процедура;170;;;;;
Груминг кошки длинношерстные (Вычесывание (без мытья));;;Услуги платные;Общий прием;Общий прием;487026;1 голова;1550;;;;;
Груминг кошки длинношерстные (Стрижка с мытьем);;;Услуги платные;Общий прием;Общий прием;487026;1 голова;2700;;;;;
Груминг кошки длинношерстные (Экспресс-линька);;;Услуги платные;Общий прием;Общий прием;487026;1 голова;3000;;;;;
Груминг кошки короткошерстные (Вычесывание (без мытья) 2024);;;Услуги платные;Общий прием;Общий прием;487025;1 голова;850;;;;;
Груминг кошки короткошерстные (Мытье, вычесывание 2024);;;Услуги платные;Общий прием;Общий прием;487025;1 голова;1250;;;;;
Груминг кошки короткошерстные (Стрижка (с  мытьем) 2024);;;Услуги платные;Общий прием;Общий прием;487025;1 голова;2500;;;;;
Груминг кошки короткошерстные (Стрижка без мытья 2024);;;Услуги платные;Общий прием;Общий прием;487025;1 голова;2000;;;;;
Груминг кошки короткошерстные (Экспресс-линька);;;Услуги платные;Общий прием;Общий прием;487025;1 голова;2500;;;;;
Груминг собак  гигиенический уход (Аляскинский маламут, самоед);;;Услуги платные;Общий прием;Общий прием;487031;1 голова;6000;;;;;
Груминг собак  гигиенический уход (Гигантские породы);;;Услуги платные;Общий прием;Общий прием;487031;1 голова;7000;;;;;
Груминг собак  гигиенический уход (Овчарка длинношерстная);;;Услуги платные;Общий прием;Общий прием;487031;1 голова;5500;;;;;
Груминг собак  гигиенический уход (Овчарка к/ш, хаски);;;Услуги платные;Общий прием;Общий прием;487031;1 голова;4500;;;;;
Груминг собак  Гриффон, жесткошерстная такса (Комплексный уход, стрижка);;;Услуги платные;Общий прием;Общий прием;487016;1 голова;2500;;;;;
Груминг собак  Гриффон, жесткошерстная такса (Комплексный уход, тримминг);;;Услуги платные;Общий прием;Общий прием;487016;1 голова;3000;;;;;
Груминг собак  Гриффон, жесткошерстная такса (Экспресс-линька);;;Услуги платные;Общий прием;Общий прием;487016;1 голова;2200;;;;;
Груминг собак Вельш-корги (Гигиенический уход);;;Услуги платные;Общий прием;Общий прием;487029;1 голова;2800;;;;;
Груминг собак Вельш-корги (Экспресс-линька);;;Услуги платные;Общий прием;Общий прием;487029;1 голова;3300;;;;;
Груминг собак Йоркширский терьер (Гигиенический уход);;;Услуги платные;Общий прием;Общий прием;487011;1 голова;2000;;;;;
Груминг собак Йоркширский терьер (Комплексный уход);;;Услуги платные;Общий прием;Общий прием;487011;1 голова;2600;;;;;
Груминг собак Керн-терьер (Комплексный уход, стрижка под машинку);;;Услуги платные;Общий прием;Общий прием;487018;1 голова;3000;;;;;
Груминг собак Керн-терьер (комплексный уход, триминг);;;Услуги платные;Общий прием;Общий прием;487018;1 голова;3500;;;;;
Груминг собак Керри-блю терьер (Гигиенический уход);;;Услуги платные;Общий прием;Общий прием;487021;1 голова;3000;;;;;
Груминг собак Керри-блю терьер (Комплексный уход);;;Услуги платные;Общий прием;Общий прием;487021;1 голова;4000;;;;;
Груминг собак Лабрадор (Гигиенический уход);;;Услуги платные;Общий прием;Общий прием;487028;1 голова;4000;;;;;
Груминг собак Лабрадор (Экспресс-линька);;;Услуги платные;Общий прием;Общий прием;487028;1 голова;4500;;;;;
Груминг собак Мальтийская болонка, русская, цветная, мальтипу. (Гигиенический уход);;;Услуги платные;Общий прием;Общий прием;48704;1 голова;2400;;;;;
Груминг собак Мальтийская болонка, русская, цветная, мальтипу. (Комплексный уход);;;Услуги платные;Общий прием;Общий прием;48704;1 голова;3000;;;;;
Груминг собак Петербургская орхидея (Гигиенический уход);;;Услуги платные;Общий прием;Общий прием;48707;1 голова;2000;;;;;
Груминг собак Петербургская орхидея (Комплексный уход);;;Услуги платные;Общий прием;Общий прием;48707;1 голова;2800;;;;;
Груминг собак Пудель (Карликовый, той. Гигиенический уход.);;;Услуги платные;Общий прием;Общий прием;48703;1 голова;2500;;;;;
Груминг собак Пудель (Карликовый, той. Комплексный уход, модерн);;;Услуги платные;Общий прием;Общий прием;48703;1 голова;3000;;;;;
Груминг собак Пудель (Карликовый, той. Комплексный уход, скандинавский лев);;;Услуги платные;Общий прием;Общий прием;48703;1 голова;3500;;;;;
Груминг собак Пудель (Королевский, гигиенический уход);;;Услуги платные;Общий прием;Общий прием;48703;1 голова;6000;;;;;
Груминг собак Пудель (Королевский, комплексный уход, модерн);;;Услуги платные;Общий прием;Общий прием;48703;1 голова;6500;;;;;
Груминг собак Пудель (Королевский, комплексный уход, скандинавский лев);;;Услуги платные;Общий прием;Общий прием;48703;1 голова;7000;;;;;
Груминг собак Пудель (Малый, средний. Гигиенический уход);;;Услуги платные;Общий прием;Общий прием;48703;1 голова;2700;;;;;
Груминг собак Пудель (Малый, средний. Комплексный уход , модерн);;;Услуги платные;Общий прием;Общий прием;48703;1 голова;3500;;;;;
Груминг собак Пудель (Малый, средний. Комплексный уход , скандинавский лев);;;Услуги платные;Общий прием;Общий прием;48703;1 голова;4000;;;;;
Груминг собак Пшеничный  терьер (Гигиенический уход);;;Услуги платные;Общий прием;Общий прием;487017;1 голова;4000;;;;;
Груминг собак Пшеничный  терьер (Комплексный уход);;;Услуги платные;Общий прием;Общий прием;487017;1 голова;3000;;;;;
Груминг собак Ретривер (Комплексный уход по стандарту породы);;;Услуги платные;Общий прием;Общий прием;487020;1 голова;4500;;;;;
Груминг собак Спаниель (Гигиенический уход);;;Услуги платные;Общий прием;Общий прием;487010;1 голова;2500;;;;;
Груминг собак Спаниель (Комплексный уход, стрижка под машинку);;;Услуги платные;Общий прием;Общий прием;487010;1 голова;3000;;;;;
Груминг собак Спаниель (Комплексный уход, стрижка стандарт);;;Услуги платные;Общий прием;Общий прием;487010;1 голова;3500;;;;;
Грумминг собак Джек Рассел (гладкошерстный, гигиенический уход);;;Услуги платные;Общий прием;Общий прием;487030;1 голова;2300;;;;;
Грумминг собак Джек Рассел (Жесткошерстный, комплексный уход, стрижка под машинку);;;Услуги платные;Общий прием;Общий прием;487030;1 голова;2700;;;;;
Грумминг собак Джек Рассел (жесткошерстный, комплексный уход, триминг);;;Услуги платные;Общий прием;Общий прием;487030;1 голова;3000;;;;;
Грумминг собак Джек Рассел (жесткошрстный, гигиенический уход);;;Услуги платные;Общий прием;Общий прием;487030;1 голова;2500;;;;;
Дерматомикозы (ЛЮМ-диагностика) (2023);;;Услуги платные;Общий прием;Общий прием;2036;1 исследование;100;;;;;
Диагностическое отведение жидкости (2023);;;Услуги платные;Общий прием;Общий прием;2020;1 процедура;300;;;;;
Забор донорской крови кошка;;;Услуги платные;Общий прием;Общий прием;2032;1 голова;800;;;;;
Забор донорской крови собака (2023);;;Услуги платные;Общий прием;Общий прием;2033;1 голова;1000;;;;;
Забор капиллярной крови из ушной раковины;;;Услуги платные;Общий прием;Общий прием;2038;1 манипуляция;85;;;;;
Зондирование и промывание желудка (2019);;;Услуги платные;Общий прием;Общий прием;4845;1 голова;2160;;;;;
Каниген DHPPi+L 2020 ((Каниген DHPPi+L) 2020);;;Биопрепараты;Общий прием;Общий прием;DHPPi+L;1 введение;0;;;;;
Капельное введение лекарственных препаратов при наличии в/в катетера до двух растворов (2019);;;Услуги платные;Общий прием;Общий прием;2003;1 процедура;305;;;;;
Капельное введение лекарственных препаратов при наличии в/в катетера свыше двух растворов (2023);;;Услуги платные;Общий прием;Общий прием;2004;1 процедура;510;;;;;
Кесарево сечение кошки, собаки до 10 кг.*;;;Услуги платные;Общий прием;Общий прием;4943;1 голова;6000;;;;;
Кесарево сечение собаки от 10 кг*;;;Услуги платные;Общий прием;Общий прием;4944;1 голова;8000;;;;;
Кислородотерапия каждый последующий час (2023);;;Услуги платные;Общий прием;Общий прием;2031;1 голова;100;;;;;
Консультация по результатам анализов (без животного) (2024);;;Услуги платные;Общий прием;Общий прием;1106;1 консультация;700;;;;;
Костно-пластические операции;;;Услуги платные;Общий прием;Общий прием;4835;1 голова;3600;;;;;
Лазерная абляция новообразований;;;Услуги платные;Общий прием;Общий прием;2114;1 процедура;2200;;;;;
Лапароскопическая овариоэктомия (гистерэктомия) собаки крупных пород (более 30 кг) (2019);;;Услуги платные;Общий прием;Общий прием;48689;1 голова;12000;;;;;
Лапароскопическая овариоэктомия (гистерэктомия) собаки средних пород (от 11 до 30кг) (2019);;;Услуги платные;Общий прием;Общий прием;48688;1 голова;9000;;;;;
Местная анестезия (инфильтрационная);;;Услуги платные;Общий прием;Общий прием;4754;1 процедура;500;;;;;
Микродерм 2020 (Микродерм 2020);;;Биопрепараты;Общий прием;Общий прием;Microderm;1 введение;0;;;;;
Мультифел -4 RCPch 2020 ((Мультифел -4) 2020);;;Биопрепараты;Общий прием;Общий прием;RCPch;1 введение;0;;;;;
Пуревакс RCPch 2020;;;Биопрепараты;Общий прием;Общий прием;RCPch;1 введение;0;;;;;
Наложение простой повязки (2019);;;Услуги платные;Общий прием;Общий прием;2108;1 голова;50;;;;;
Наложение шины или гипс лангеты б/репоз (2019);;;Услуги платные;Общий прием;Общий прием;2250;1 голова;305;;;;;
Наложение шины или гипс лангеты с репозицией кошки (2019);;;Услуги платные;Общий прием;Общий прием;2251;1 голова;510;;;;;
Наложение шины или гипс лангеты с репозицией собаки (2019);;;Услуги платные;Общий прием;Общий прием;2252;1 голова;715;;;;;
Нейрохирургические операции (2019);;;Услуги платные;Общий прием;Общий прием;4840;1 голова;3600;;;;;
Обработка глаз (2023);;;Услуги платные;Общий прием;Общий прием;2010;1 процедура;100;;;;;
Обработка носовой полости лекарственными препаратами;;;Услуги платные;Общий прием;Общий прием;2028;1 голова;205;;;;;
Овариогистерэктомия при патологии матки у кошки,собаки до 10 кг *;;;Услуги платные;Общий прием;Общий прием;4945;1 голова;8000;;;;;
Овариогистерэктомия при патологии матки у собаки свыше 10 кг *;;;Услуги платные;Общий прием;Общий прием;4946;1 голова;12000;;;;;
Операция на предстательной железе (2019);;;Услуги платные;Общий прием;Общий прием;2171;1 голова;3600;;;;;
Освобождение от секрета параанальных синусов прямой кишки (2019);;;Услуги платные;Общий прием;Общий прием;2046;1 голова;350;;;;;
Осмотр при переходе права собственности на животных (птиц, грызунов, морских млекопитающих, рептилий, амфибий) без их перемещения (2023);;;Услуги платные;Общий прием;Общий прием;1219;1 голова;250;;;;;
Отбор венозной крови  для лабораторного исследования и наложение простой повязки, оформление направления;;;Услуги платные;Общий прием;Общий прием;2009;1 процедура;500;;;;;
П/к  инъекции, в/м инъекции;;;Услуги платные;Общий прием;Общий прием;2001;за 1 инъекцию;150;;;;;
П/к  инъекции, в/м инъекции (Госзадание);;;Услуги платные;Общий прием;Общий прием;2001;1 процедура;0;;;;;
Первичная нехирургическая обработка раны (при кожных болезнях) простая (2023);;;Услуги платные;Общий прием;Общий прием;2022;1 голова;200;;;;;
Первичная нехирургическая обработка раны (при кожных болезнях) сложная (2023);;;Услуги платные;Общий прием;Общий прием;2023;1 голова;510;;;;;
Первичная хирургическая обработка гнойных ран (2019);;;Услуги платные;Общий прием;Общий прием;2104;1 голова;1020;;;;;
Первичный прием терапевта/хирурга. (2024 Осмотр, ЛЮМ-диагностика), назначение лечения с консультацией);;;Услуги платные;Общий прием;Общий прием;1101;1 голова;1400;;;;;
Первичный прием узкого специалиста. (Врач по заболеваниям экзотических животных. Мелкие грызуны, хори,кролики);;;Услуги платные;Общий прием;Общий прием;1103;1 голова;1500;;;;;
Первичный прием узкого специалиста. (Гастроэнтеролог);;;Услуги платные;Общий прием;Общий прием;1103;1 голова;2000;;;;;
Первичный прием узкого специалиста. (Дерматолог);;;Услуги платные;Общий прием;Общий прием;1103;1 голова;2000;;;;;
Первичный прием узкого специалиста. (Диетолог);;;Услуги платные;Общий прием;Общий прием;1103;1 голова;1800;;;;;
Первичный прием узкого специалиста. (Кардиолог);;;Услуги платные;Общий прием;Общий прием;1103;1 голова;2000;;;;;
Первичный прием узкого специалиста. (Невролог);;;Услуги платные;Общий прием;Общий прием;1103;1 голова;1800;;;;;
Первичный прием узкого специалиста. (Нефролог);;;Услуги платные;Общий прием;Общий прием;1103;1 голова;2000;;;;;
Первичный прием узкого специалиста. (Онколог);;;Услуги платные;Общий прием;Общий прием;1103;1 голова;2000;;;;;
Первичный прием узкого специалиста. (Ортопед-травматолог);;;Услуги платные;Общий прием;Общий прием;1103;1 голова;1800;;;;;
Первичный прием узкого специалиста. (Стоматолог);;;Услуги платные;Общий прием;Общий прием;1103;1 голова;1600;;;;;
Первичный прием узкого специалиста. (Эндокринолог);;;Услуги платные;Общий прием;Общий прием;1103;1 голова;1800;;;;;
Перинеотомия (2019);;;Услуги платные;Общий прием;Общий прием;2249;1 голова;720;;;;;
Пластика ушных раковин  до 10 дней* (2019);;;Услуги платные;Общий прием;Общий прием;4932;1 голова;1500;;;;;
Пластика ушных раковин  от 11 дней до 3-х месяцев*;;;Услуги платные;Общий прием;Общий прием;4933;1 голова;2500;;;;;
Пластика ушных раковин  старше 3-х *;;;Услуги платные;Общий прием;Общий прием;4934;1 голова;3000;;;;;
Повторная обработка раны (2019);;;Услуги платные;Общий прием;Общий прием;2107;1 голова;205;;;;;
Повторный прием терапевта\хирурга (2024);;;Услуги платные;Общий прием;Общий прием;1102;1 голова;950;;;;;
Повторный прием узкого специалиста (Врач по заболеваниям экзотических животных. Мелкие грызуны, хори,кролики);;;Услуги платные;Общий прием;Общий прием;1104;1 голова;1000;;;;;
Повторный прием узкого специалиста (Гастроэнтеролог);;;Услуги платные;Общий прием;Общий прием;1104;1 голова;1300;;;;;
Повторный прием узкого специалиста (Дерматолог);;;Услуги платные;Общий прием;Общий прием;1104;1 голова;1300;;;;;
Повторный прием узкого специалиста (Диетолог);;;Услуги платные;Общий прием;Общий прием;1104;1 голова;1300;;;;;
Повторный прием узкого специалиста (Кардиолог);;;Услуги платные;Общий прием;Общий прием;1104;1 голова;1300;;;;;
Повторный прием узкого специалиста (Невролог);;;Услуги платные;Общий прием;Общий прием;1104;1 голова;1300;;;;;
Повторный прием узкого специалиста (Нефролог);;;Услуги платные;Общий прием;Общий прием;1104;1 голова;1300;;;;;
Повторный прием узкого специалиста (Онколог);;;Услуги платные;Общий прием;Общий прием;1104;1 голова;1300;;;;;
Повторный прием узкого специалиста (Ортопед-травматолог);;;Услуги платные;Общий прием;Общий прием;1104;1 голова;1300;;;;;
Повторный прием узкого специалиста (Офтальмолог);;;Услуги платные;Общий прием;Общий прием;1104;1 голова;1300;;;;;
Повторный прием узкого специалиста (Стоматолог);;;Услуги платные;Общий прием;Общий прием;1104;1 голова;1300;;;;;
Повторный прием узкого специалиста (Эндокринолог);;;Услуги платные;Общий прием;Общий прием;1104;1 голова;1300;;;;;
Подготовка выписки из истории болезни по заявлению владельца (2022);;;Услуги платные;Общий прием;Общий прием;1224;1 документ;225;;;;;
Подготовка для перемещения за пределы СПб и в пределах РФ, проведение клинического осмотра  пчелосемьи, пчелопакета, пчеломатки (при осмотре партии, перемещающейся по одному ВСД в один адрес) (2023);;;Услуги платные;Общий прием;Общий прием;1211;1 партия;600;;;;;
Подготовка направления на исследования (2022);;;Услуги платные;Общий прием;Общий прием;1223;1 документ;145;;;;;
Подготовка раствора для инфузии;;;Услуги платные;Общий прием;Общий прием;2012;1 процедура;40;;;;;
подготовка сертификата вакцинации (нового);;;Услуги платные;Общий прием;Общий прием;46784;документ;0;;;;;
подготовка сертификата вакцинации (переоформление);;;Услуги платные;Общий прием;Общий прием;46784;документ;0;;;;;
Постановка клизмы 10-20 кг*;;;Услуги платные;Общий прием;Общий прием;2049;1 голова;2000;;;;;
Постановка клизмы 20-40 кг*;;;Услуги платные;Общий прием;Общий прием;2050;1 голова;2500;;;;;
Постановка клизмы более 40 кг*;;;Услуги платные;Общий прием;Общий прием;2051;1 голова;3500;;;;;
Постановка клизмы до 10 кг*;;;Услуги платные;Общий прием;Общий прием;2048;1 голова;1500;;;;;
Постановка мочевого катетера  у кобеля (2019);;;Услуги платные;Общий прием;Общий прием;2044;1 голова;600;;;;;
Постановка мочевого катетера простая у кота (2019);;;Услуги платные;Общий прием;Общий прием;2041;1 голова;500;;;;;
Постановка мочевого катетера сложная у кота;;;Услуги платные;Общий прием;Общий прием;2042;1 голова;750;;;;;
Постановка мочевого катетера у кошки;;;Услуги платные;Общий прием;Общий прием;2043;1 голова;1000;;;;;
Постановка мочевого катетера у суки;;;Услуги платные;Общий прием;Общий прием;2045;1 голова;1000;;;;;
Приготовление, окрашивание мазков-отпечатков;;;Услуги платные;Общий прием;Общий прием;2024;1 голова;105;;;;;
Приём ветеринарного врача по заболеваниям экзотических животных (мелкие грызуны, хори, кролики) (2023);;;Услуги платные;Общий прием;Общий прием;1105;1 голова;1000;;;;;
Прием и подготовка животного и птицы для перемещения за пределы Российской Федерации, проведение клинического осмотра животного и птицы, ЛЮМ-анализ (2023);;;Услуги платные;Общий прием;Общий прием;1201;1 голова;1250;;;;;
Прием и подготовка животного и птицы для перемещения за пределы Санкт-Петербурга и в пределах Российской Федерации, проведение клинического осмотра животного и птицы, ЛЮМ-анализ (2023);;;Услуги платные;Общий прием;Общий прием;1202;документ;850;;;;;
Прием и подготовка животного и птицы для перемещения по Санкт-Петербургу, проведение профилактического клинического осмотра животного и птицы, ЛЮМ-диагностика (2023);;;Услуги платные;Общий прием;Общий прием;1203;1 голова;550;;;;;
Прием и подготовка животного и птицы для перемещения, проведение клинического осмотра каждой последующей головы (того же вида) животных и птицы, ЛЮМ-анализ, принадлежащих одному владельцу (при осмотре со 2 по 5 голову, перемещающихся по одному ВСД в один адрес) (2023);;;Услуги платные;Общий прием;Общий прием;1204;1 голова;145;;;;;
Проведение клинического осмотра животного и птицы в период его карантинирования перед перемещением;;;Услуги платные;Общий прием;Общий прием;1206;1 голова;145;;;;;
Проведение клинического осмотра при регистрации (перерегистрации), вакцинации собак, кошек, хорей и др. животных при обращении владельца (без учета стоимости биопрепаратов, расходных материалов);;;Услуги платные;Общий прием;Общий прием;1216;1 голова;520;;;;;
Промывание мочевого пузыря (2019);;;Услуги платные;Общий прием;Общий прием;2014;1 голова;350;;;;;
Промывание припуциального мешка у кобеля (2019);;;Услуги платные;Общий прием;Общий прием;2021;1 процедура;200;;;;;
Процедура измерения артериального давления при помощи ветеринарного тонометра (2019);;;Услуги платные;Общий прием;Общий прием;2027;1 голова;200;;;;;
Пуревакс FeLV 2020 ((Пуревакс FeLV) 2020);;;Биопрепараты;Общий прием;Общий прием;FeLV;1 введение;0;;;;;
Пуревакс RCP 2020 ((Пуревакс RCP) 2020);;;Биопрепараты;Общий прием;Общий прием;RCP;1 введение;0;;;;;
Резекция головки бедренной кости (2019);;;Услуги платные;Общий прием;Общий прием;4832;1 конечность;1440;;;;;
Ректальное введение лекарственных средств (2019);;;Услуги платные;Общий прием;Общий прием;2026;1 голова;150;;;;;
Родовспоможение без оперативного вмешательства за 1 час;;;Услуги платные;Общий прием;Общий прием;4942;1 голова;500;;;;;
Санация наружного слухового прохода простая (2023);;;Услуги платные;Общий прием;Общий прием;2007;1 голова;350;;;;;
Санация наружного слухового прохода сложная (2023);;;Услуги платные;Общий прием;Общий прием;2008;1 голова;450;;;;;
Скрининговое исследование при дерматологических услугах;;;Услуги платные;Общий прием;Общий прием;2039;1 исследование;245;;;;;
Скрининговое исследование содержимого ушного канала (одно ухо);;;Услуги платные;Общий прием;Общий прием;2040;1 исследование;245;;;;;
Снятие гипса (2019);;;Услуги платные;Общий прием;Общий прием;2110;1 голова;155;;;;;
Снятие зафиксированного внутривенного катетера (2019);;;Услуги платные;Общий прием;Общий прием;2006;за 1 процедуру;105;;;;;
Снятие пластин кошки (2019);;;Услуги платные;Общий прием;Общий прием;4834;1 конечность;480;;;;;
Снятие пластин собаки (2019);;;Услуги платные;Общий прием;Общий прием;4833;1 конечность;720;;;;;
Снятие фиксированного уретрального катетера (2019);;;Услуги платные;Общий прием;Общий прием;2015;1 голова;105;;;;;
Спинномозговая пункция (2019);;;Услуги платные;Общий прием;Общий прием;4839;1 голова;1440;;;;;
Спинномозговая пункция с миелографией (2019);;;Услуги платные;Общий прием;Общий прием;4843;1 голова;2400;;;;;
Стрижка когтей, обрезка клюва у птицы* (без приема 2019*);;;Услуги платные;Общий прием;Общий прием;4935;1 голова;305;;;;;
Струйное введение лекарственных препаратов при наличии в/в катетера (2023);;;Услуги платные;Общий прием;Общий прием;2005;1 введение;50;;;;;
Суточное мониторивание ЭКГ (по Холтеру);;;Услуги платные;Общий прием;Общий прием;4863;1 голова;1740;;;;;
Удаление колтунов, гигиеническая стрижка с помощью машинки для стрижки животных (более зо кг.);;;Услуги платные;Общий прием;Общий прием;4937;1 голова;1250;;;;;
Удаление колтунов, гигиеническая стрижка с помощью машинки для стрижки животных (до 10 кг);;;Услуги платные;Общий прием;Общий прием;4937;1 голова;750;;;;;
Удаление колтунов, гигиеническая стрижка с помощью машинки для стрижки животных (от 11 до 30 кг.);;;Услуги платные;Общий прием;Общий прием;4937;1 голова;1050;;;;;
Удаление почки собаки;;;Услуги платные;Общий прием;Общий прием;2168;1 голова;8000;;;;;
Ушивание пролапса брюшной стенки (2019);;;Услуги платные;Общий прием;Общий прием;4852;1 голова;1080;;;;;
Фелиген CRP 2020 ((Фелиген CRP) 2020);;;Биопрепараты;Общий прием;Общий прием;CRP;1 введение;0;;;;;
Фелиген CRP\R 2020 ((Фелиген CRP\R) 2020);;;Биопрепараты;Общий прием;Общий прием;CRPR;1 введение;0;;;;;
Фототерапия наружная (1 курс 10 процедур 2019);;;Услуги платные;Общий прием;Общий прием;2019;1 курс 10 процедур;550;;;;;
ФТЛ Лазер, УВЧ, Магнитотер, Дорсанваль, Биоптрон, УЗИ ингалятор 1 (процедура);;;Услуги платные;Общий прием;Общий прием;4948;1 процедура;85;;;;;
ФТЛ Лазер, УВЧ, Магнитотер, Дорсанваль, Биоптрон, УЗИ ингалятор 10 (процедур (курс));;;Услуги платные;Общий прием;Общий прием;4949;10 процедур (курс);610;;;;;
Химиотерапия;;;Услуги платные;Общий прием;Общий прием;2029;1 процедура;1750;;;;;
Хирургическая обработка раны с наложением косметического шва;;;Услуги платные;Общий прием;Общий прием;2103;1 рана;850;;;;;
Цистоцентез (2019);;;Услуги платные;Общий прием;Общий прием;2172;1 голова;255;;;;;
Цитологическое исследование отитов;;;Услуги платные;Общий прием;Общий прием;2037;1 исследование;245;;;;;
Эвтаназия  домашних животных (до 1 кг без кремации, прием и осмотр, усыпление, укладка и упаковка трупа животного во влагонепроницаемый пакет, маркировка пакета, санитарная обработка рабочих мест, транспортировка, без учета стоимости медикоментов и расходных материалов);;;Услуги платные;Общий прием;Общий прием;5042;1 голова;500;;;;;
Эвтаназия  домашних животных (до 1 кг с кремацией прием и осмотр, усыпление, укладка и упаковка трупа животного во влагонепроницаемый пакет, маркировка пакета, санитарная обработка рабочих мест, транспортировка, без учета стоимости медикоментов и расходных материалов);;;Услуги платные;Общий прием;Общий прием;5042;1 голова;1000;;;;;
Эвтаназия  домашних животных (от 1 до 10 без кремации прием и осмотр, усыпление, укладка и упаковка трупа животного во влагонепроницаемый пакет, маркировка пакета, санитарная обработка рабочих мест, транспортировка, без учета стоимости медикоментов и расходных материалов);;;Услуги платные;Общий прием;Общий прием;5042;1 голова;1860;;;;;
Эвтаназия  домашних животных (от 1 до 10 с кремацией прием и осмотр, усыпление, укладка и упаковка трупа животного во влагонепроницаемый пакет, маркировка пакета, санитарная обработка рабочих мест, транспортировка, без учета стоимости медикоментов и расходных материалов);;;Услуги платные;Общий прием;Общий прием;5042;1 голова;3000;;;;;
Эвтаназия  домашних животных (от 10 до 30 без кремации прием и осмотр, усыпление, укладка и упаковка трупа животного во влагонепроницаемый пакет, маркировка пакета, санитарная обработка рабочих мест, транспортировка, без учета стоимости медикоментов и расходных материалов);;;Услуги платные;Общий прием;Общий прием;5042;1 голова;3060;;;;;
Эвтаназия  домашних животных (от 10 до 30 с кремецией прием и осмотр, усыпление, укладка и упаковка трупа животного во влагонепроницаемый пакет, маркировка пакета, санитарная обработка рабочих мест, транспортировка, без учета стоимости медикоментов и расходных материалов);;;Услуги платные;Общий прием;Общий прием;5042;1 голова;5000;;;;;
Эвтаназия  домашних животных (от 30 кг без кремации прием и осмотр, усыпление, укладка и упаковка трупа животного во влагонепроницаемый пакет, маркировка пакета, санитарная обработка рабочих мест, транспортировка, без учета стоимости медикоментов и расходных материалов);;;Услуги платные;Общий прием;Общий прием;5042;1 голова;3600;;;;;
Эвтаназия  домашних животных (от 30 кг с кремацией прием и осмотр, усыпление, укладка и упаковка трупа животного во влагонепроницаемый пакет, маркировка пакета, санитарная обработка рабочих мест, транспортировка, без учета стоимости медикоментов и расходных материалов);;;Услуги платные;Общий прием;Общий прием;5042;1 голова;6000;;;;;
Эзофагостома;;;Услуги платные;Общий прием;Общий прием;2117;1 голова;2200;;;;;
Электронное мечение (с учетом стоимос ти чипа) (2023);;;Услуги платные;Общий прием;Общий прием;1217;1 голова;1500;;;;;
Электротерапия, ультразвуковая терапия, лазеротерапия (на физиотерапивтическом ветеринарном комбайне Intelect Vet);;;Услуги платные;Общий прием;Общий прием;4950;1 процедура;210;;;;;
Эндоскопические операции (риноскопия,ларингоскопия,трахеоскопия,бронхоскопия,  отоскопия) собаки крупных пород (более 30 кг);;;Услуги платные;Общий прием;Общий прием;48673;1 голова;6500;;;;;
Эндоскопическое лечение уролитиаза кошки,собаки мелких пород (до 10 кг) (2019);;;Услуги платные;Общий прием;Общий прием;48693;1 голова;5085;;;;;
Эурикан DHPPi-RL  2020 ((Эурикан) 2020);;;Биопрепараты;Общий прием;Общий прием;DHPPi-RL;1 введение;0;;;;;
Эурикан DHPPi+L 2020 ((Эурикан DHPPi+L ) 2020);;;Биопрепараты;Общий прием;Общий прием;DHPPi-L;1 введение;0;;;;;
2.10.34 Офтальмоскопия:;;;Услуги платные;Общий прием;Общий прием;;1 голова;0;;;;;
2.10.35 Пластика роговицы склеральным лоскутом;;;Услуги платные;Общий прием;Общий прием;;1 глаз;1560;;;;;
2.10.44 Лечение катаракты:;;;Услуги платные;Общий прием;Общий прием;;1 голова;0;;;;;
2.10.46. Операция при глаукоме:;;;Услуги платные;Общий прием;Общий прием;;1 голова;0;;;;;
2.10.46.3. Операция при глаукоме: Циклодиализ;;;Услуги платные;Общий прием;Общий прием;;1 глаз;3000;;;;;
2.10.47. Транспозиция слюного протока:;;;Услуги платные;Общий прием;Общий прием;;1 глаз;0;;;;;
2.10.51 Конъюнктивориностомия;;;Услуги платные;Общий прием;Общий прием;;1 глаз;7000;;;;;
5.5.15 Исследование операционного материала (Гистологическое 2022);;;Услуги платные;Общий прием;Общий прием;;1 исследование;2500;;;;;
Аспирация жидкости из плевральной и брюшной полостей  под контролем узи (кошки, собаки до 5 кг.);;;Услуги платные;Общий прием;Общий прием;;1 процедура;1500;;;;;
Аспирация жидкости из плевральной и брюшной полостей  под контролем узи (собаки от 15 кг.);;;Услуги платные;Общий прием;Общий прием;;1 голова;3000;;;;;
Аспирация жидкости из плевральной и брюшной полостей  под контролем узи (собаки от 5 до 15 кг.);;;Услуги платные;Общий прием;Общий прием;;1 голова;2000;;;;;
Африканская чума свиней (ПЦР 2023);;;Услуги платные;Общий прием;Общий прием;;1 проба;1850;;;;;
Африканская чума свиней (ПЦР 2023) (без стоимости тест-системы);;;Услуги платные;Общий прием;Общий прием;;1 проба;1150;;;;;
Африканская чума свиней (ПЦР 2023) (одновременный заказ на исследование 5 проб и выше);;;Услуги платные;Общий прием;Общий прием;;1 проба;1200;;;;;
Железосвязывающая способность сыворотки крови (ОЖСС);;;Услуги платные;Общий прием;Общий прием;;1 исследование;1200;;;;;
Инъекционная анестезия;;;Услуги платные;Общий прием;Общий прием;;1 процедура;1500;;;;;
Исследование на количество ооцист в 1г. фекалий;;;Услуги платные;Общий прием;Общий прием;;1 исследование;900;;;;;
Исследование патматериала на сальмонеллез;;;Услуги платные;Общий прием;Общий прием;;1 проба;1000;;;;;
Кишечная панель-патогенная флора;;;;Общий прием;Общий прием;;1 исследование;2500;;;;;
Классическая чума свиней (ПЦР);;;Услуги платные;Общий прием;Общий прием;;1 проба;2300;;;;;
Классическая чума свиней (ПЦР) (без стоимости тест-системы);;;Услуги платные;Общий прием;Общий прием;;1 проба;1350;;;;;
Копрология (метод Дарлинга);;;Услуги платные;Общий прием;Общий прием;;1 исследование;300;;;;;
Копрология (метод флотации);;;Услуги платные;Общий прием;Общий прием;;1 проба;250;;;;;
Короновирусная инфекция (вирусный перитонит кошек);;;Услуги платные;Общий прием;Общий прием;;1 проба;800;;;;;
Медитин 0.1%;;;Услуги платные;Общий прием;Общий прием;;0,1 мл;0;;;;;
Орнитоз (ПЦР 2023);;;Услуги платные;Общий прием;Общий прием;;1 проба;1250;;;;;
Орнитоз (ПЦР 2023) (без стоимости тест-системы);;;Услуги платные;Общий прием;Общий прием;;1 проба;800;;;;;
Орнитоз (ПЦР 2023) (одновременный заказ на 10 проб и выше);;;Услуги платные;Общий прием;Общий прием;;1 проба;800;;;;;
Пиелоцентез под контролем УЗИ  (без стоимости расходных материалов и седации);;;Услуги платные;Общий прием;Общий прием;;1 процедура;1000;;;;;
Прикардиоцентез под контролем УЗИ (собаки, кошки);;;Услуги платные;Общий прием;Общий прием;;1 исследование;2000;;;;;
Скрининг срочного пациента по протоколам A-FAST, T-FAST,  Vet BLUE;;;Услуги платные;Общий прием;Общий прием;;1 процедура;500;;;;;
Телазол 0,1%;;;Услуги платные;Общий прием;Общий прием;;0,1 мл;0;;;;;
Трамвет 0,5%;;;Услуги платные;Общий прием;Общий прием;;1 мл;0;;;;;
Туберкулез (ПЦР 2023);;;Услуги платные;Общий прием;Общий прием;;1 проба;1300;;;;;
Туберкулез (ПЦР 2023) (без стоимости тест-системы);;;Услуги платные;Общий прием;Общий прием;;1 проба;800;;;;;
Уретро/цистография (2024);;;Услуги платные;Общий прием;Общий прием;;1 исследование;3500;;;;;
Хламидиоз ПЦР (2023);;;;Общий прием;Общий прием;;1 проба;900;;;;;
Холецистоцентез под контролем узи под седацией без учета стоимости расходных материалов (кошки и собаки до 10 кг,);;;Услуги платные;Общий прием;Общий прием;;1 процедура;800;;;;;
Холецистоцентез под контролем узи под седацией без учета стоимости расходных материалов (собаки от 10 кг,);;;Услуги платные;Общий прием;Общий прием;;1 процедура;1000;;;;;
;;;;;;;;;;;;;
2.10.59 Обследование глаза при помощи щелевой лампы (2019);;;Услуги платные;Офтальмология;Офтальмология;4687;1 голова;203;;;;;
2.10.10 Пластика роговицы конъюнктивальным лоскутом (2019);;;Услуги платные;Офтальмология;Офтальмология;4980;1 голова;1440;;;;;
2.10.11 Поверхностная кератектомия (2019);;;Услуги платные;Офтальмология;Офтальмология;4981;1 голова;6500;;;;;
2.10.12 Субконъюнктивальная инъекция (2019);;;Услуги платные;Офтальмология;Офтальмология;4982;1 голова;120;;;;;
2.10.13 Эпиляция ресниц (2019);;;Услуги платные;Офтальмология;Офтальмология;4983;2 глаза;600;;;;;
2.10.14 Скарификация роговицы (2019);;;Услуги платные;Офтальмология;Офтальмология;4984;2 глаза;1200;;;;;
2.10.15 Временный анкилоблефарон (2019);;;Услуги платные;Офтальмология;Офтальмология;4985;2 глаза;1220;;;;;
2.10.15.1 Реконструктивная блефаропластика (2020);;;Услуги платные;Офтальмология;Офтальмология;49851;1 процедура;4400;;;;;
2.10.16 Пересадка роговицы (2019);;;Услуги платные;Офтальмология;Офтальмология;4986;1 глаз;15000;;;;;
2.10.18.1 Операция при завороте век (2019);;;Услуги платные;Офтальмология;Офтальмология;4987;1 веко;4000;;;;;
2.10.19 Удаление хрусталика (2019);;;Услуги платные;Офтальмология;Офтальмология;4989;1 голова;2034;;;;;
2.10.2 Определение состояния роговицы с помощью витальных Красителей (2019);;;Услуги платные;Офтальмология;Офтальмология;4972;1 голова;180;;;;;
2.10.20 Удаление глазного яблока (2019);;;Услуги платные;Офтальмология;Офтальмология;4990;1 голова;5000;;;;;
2.10.21 Вправление глазного яблока (2020);;;Услуги платные;Офтальмология;Офтальмология;4991;1 голова;6000;;;;;
2.10.22 Удаление третьего века (2019);;;Услуги платные;Офтальмология;Офтальмология;4992;1 веко;1200;;;;;
2.10.23 Операции на глазах при завороте, вывороте век (2019);;;Услуги платные;Офтальмология;Офтальмология;4993;1 процедура;1525;;;;;
2.10.25 Удаление аденомы третьего века (2019);;;Услуги платные;Офтальмология;Офтальмология;4995;1 веко;5000;;;;;
2.10.26 Удаление инородного тела из глаза (2019);;;Услуги платные;Офтальмология;Офтальмология;4996;1 голова;600;;;;;
2.10.26.1 Удаление инородного тела из роговицы (2019);;;Услуги платные;Офтальмология;Офтальмология;49961;1 глаз;3000;;;;;
2.10.27 Наложение швов на роговицу (2019);;;Услуги платные;Офтальмология;Офтальмология;4997;1 голова;720;;;;;
2.10.28 Окрашивание роговицы с помощью витальных красителей (2019);;;Услуги платные;Офтальмология;Офтальмология;4998;1 голова;153;;;;;
2.10.29 Проба Зейделя (2019);;;Услуги платные;Офтальмология;Офтальмология;4999;1 голова;153;;;;;
2.10.3 Исследование глазного дна (2019);;;Услуги платные;Офтальмология;Офтальмология;4973;1 голова;240;;;;;
2.10.5 Зондирование носослезных протоков (2019);;;Услуги платные;Офтальмология;Офтальмология;4975;1 голова;240;;;;;
2.10.52 Конъюнктивобуккостомия (2019);;;Услуги платные;Офтальмология;Офтальмология;5032;1 глаз;5085;;;;;
2.10.53 Экзентерация глазного яблока (2019);;;Услуги платные;Офтальмология;Офтальмология;5033;1 глаз;4068;;;;;
2.10.54 Корнеосклеральная транспозиция (2019);;;Услуги платные;Офтальмология;Офтальмология;5034;1 глаз;10000;;;;;
2.10.55 Криоапликация при пигментном кератите (2019);;;Услуги платные;Офтальмология;Офтальмология;5035;1 глаз;3559;;;;;
2.10.57. Залом хряща 3-го века (2019);;;Услуги платные;Офтальмология;Офтальмология;5038;1 глаз;2542;;;;;
2.10.58. Удаление хрусталика из передней камеры люксированный (2019);;;Услуги платные;Офтальмология;Офтальмология;5039;1 глаз;5085;;;;;
2.10.6 Пластика слезной железы 3-го века (2019);;;Услуги платные;Офтальмология;Офтальмология;4976;1 глаз;5500;;;;;
2.10.60 Вправление слезной железы Гарднера (2019);;;Услуги платные;Офтальмология;Офтальмология;50391;1 глаз;508;;;;;
2.10.60 Офтальмотонометрия (2019);;;Услуги платные;Офтальмология;Офтальмология;49711;1 голова;203;;;;;
2.10.60.3 Активация слезной точки (2019);;;Услуги платные;Офтальмология;Офтальмология;503913;1 глаз;2034;;;;;
2.10.61 Эвисцерация глазного яблока (2019);;;Услуги платные;Офтальмология;Офтальмология;503911;1 глаз;3000;;;;;
2.10.62 Промывание слезных каналов (2019);;;Услуги платные;Офтальмология;Офтальмология;503912;1 глаз;500;;;;;
2.10.64 Интракапсулярная экстракция катаракты (2019);;;Услуги платные;Офтальмология;Офтальмология;46871;1 глаз;12000;;;;;
2.10.65 Термокоагуляция Т-образного хряща третьего века (2019);;;Услуги платные;Офтальмология;Офтальмология;46871;1 глаз;4000;;;;;
2.10.66 Хирургическая коррекция залома Т-образного хряща третьего века (2019);;;Услуги платные;Офтальмология;Офтальмология;46872;1 глаз;5000;;;;;
2.10.67 Медиальная кантопластика (2019);;;Услуги платные;Офтальмология;Офтальмология;46874;1 глаз;6000;;;;;
2.10.68 Клиновидная резекция новообразований века (2019);;;Услуги платные;Офтальмология;Офтальмология;456875;1 глаз;5500;;;;;
2.10.69 Инстилляция капель (2019);;;Услуги платные;Офтальмология;Офтальмология;46877;1 процедура;50;;;;;
2.10.7 Пластика роговицы лоскутом 3-го века (2019);;;Услуги платные;Офтальмология;Офтальмология;4977;1 голова;1200;;;;;
2.10.70 Парабульбарная инъекция (2019);;;Услуги платные;Офтальмология;Офтальмология;46878;за 1 инъекцию;150;;;;;
2.10.71 Ретробульбарная инъекция (2019);;;Услуги платные;Офтальмология;Офтальмология;46879;за 1 инъекцию;200;;;;;
2.10.72 Кератотомия решетчатая (2019);;;Услуги платные;Офтальмология;Офтальмология;468710;1 процедура;350;;;;;
2.10.73 Снятие швов (микрохирургия) (2019);;;Услуги платные;Офтальмология;Офтальмология;468711;1 процедура;300;;;;;
2.10.8 Удаление дермоида (2019);;;Услуги платные;Офтальмология;Офтальмология;4978;1 глаз;4000;;;;;
2.10.9 Операция при эверсии и инверсии 3-го века (2019);;;Услуги платные;Офтальмология;Офтальмология;4979;1 глаз;960;;;;;
2.10.27.1 Наложение швов (микрохирургия) (2019);;;Услуги платные;Офтальмология;Офтальмология;;1 процедура;300;;;;;
2.10.30 Определение показателей общей слезопродукции (исследование истиной слезопродукции) (2019);;;Услуги платные;Офтальмология;Офтальмология;;1 голова;153;;;;;
2.10.31 Исследование слезовыведения (2019);;;Услуги платные;Офтальмология;Офтальмология;;1 голова;203;;;;;
2.10.32 Дакриориноцистография (2019);;;Услуги платные;Офтальмология;Офтальмология;;1 голова;2542;;;;;
2.10.33 Гониоскопия (2019);;;Услуги платные;Офтальмология;Офтальмология;;1 голова;814;;;;;
2.10.34.1. С линзой (2019);;;Услуги платные;Офтальмология;Офтальмология;;1 голова;254;;;;;
2.10.34.2. С офтальмоскопом (2019);;;Услуги платные;Офтальмология;Офтальмология;;1 голова;356;;;;;
2.10.36 Криоэпиляция ресниц (одно веко) (2019);;;Услуги платные;Офтальмология;Офтальмология;;1 веко;712;;;;;
2.10.37 Снятие швов с роговицы (2019);;;Услуги платные;Офтальмология;Офтальмология;;1 глаз;600;;;;;
2.10.38 Удаление халязиона (2019);;;Услуги платные;Офтальмология;Офтальмология;;1 глаз;1220;;;;;
2.10.39 Удаление эктопической ресницы (2019);;;Услуги платные;Офтальмология;Офтальмология;;1 глаз;3500;;;;;
2.10.4 Определение показателей общей слезопродукции (2019);;;Услуги платные;Офтальмология;Офтальмология;;1 голова;120;;;;;
2.10.40 Криодеструкция роговицы (криоапликация при пигментозном кератите) (2019);;;Услуги платные;Офтальмология;Офтальмология;;1 глаз;2542;;;;;
2.10.40.1 Криодеструкция образований (2020);;;Услуги платные;Офтальмология;Офтальмология;;1 процедура;1500;;;;;
2.10.40.1 Центез передней камеры глаза (2019);;;Услуги платные;Офтальмология;Офтальмология;;1 процедура;200;;;;;
2.10.42 Офтальмологический осмотр помета (более 2 голов) (2019);;;Услуги платные;Офтальмология;Офтальмология;;1 помет;1017;;;;;
2.10.43 Удаление патологического эпителия (2019);;;Услуги платные;Офтальмология;Офтальмология;;1 голова;1017;;;;;
2.10.44.1. Лечение катаракты традиционным методом (2019);;;Услуги платные;Офтальмология;Офтальмология;;1 глаз;4068;;;;;
2.10.44.2.Лечение катаракты.  Факоэмульсификация (2019);;;Услуги платные;Офтальмология;Офтальмология;;1 глаз;8136;;;;;
2.10.44.3. Лечение катаракты. Постановка линзы (без стоимости линзы) (2019);;;Услуги платные;Офтальмология;Офтальмология;;1 глаз;6102;;;;;
2.10.45. Протезирование глазного яблока (без стоимости протеза) (2019);;;Услуги платные;Офтальмология;Офтальмология;;1 глаз;5000;;;;;
2.10.46.1 Операция при глаукоме: Клапан Ахмеда (без стоимости клапана) (2019);;;Услуги платные;Офтальмология;Офтальмология;;1 глаз;10170;;;;;
2.10.46.2. Операция при глаукоме: Циклокриодеструкция (2019);;;Услуги платные;Офтальмология;Офтальмология;;1 глаз;6610;;;;;
2.10.46.3. Операция при глаукоме: Циклодиализ (2019);;;Услуги платные;Офтальмология;Офтальмология;;1 глаз;6508;;;;;
2.10.47.1.  Транспозиция слюного протока: закрытый метод (2019);;;Услуги платные;Офтальмология;Офтальмология;;1 голова;10000;;;;;
2.10.47.2. Транспозиция слюного протока: открытый метод (2019);;;Услуги платные;Офтальмология;Офтальмология;;1 голова;8000;;;;;
2.10.48. Очистка роговицы от кальцификатов (2019);;;Услуги платные;Офтальмология;Офтальмология;;1 глаз;305;;;;;
2.10.50 Дренирование слезных точек (2019);;;Услуги платные;Офтальмология;Офтальмология;;1 глаз;2034;;;;;
2.10.74 Витрэктомия;;;Услуги платные;Офтальмология;Офтальмология;;1 глаз;25000;;;;;
2.10.75 Тарзорафия;;;;Офтальмология;Офтальмология;;1 глаз;1800;;;;;
2.10.76 Интравитреальная инъекция;;;;Офтальмология;Офтальмология;;1 процедура;840;;;;;
2.10.77 Интракамеральная инъекеция;;;;Офтальмология;Офтальмология;;1 процедура;840;;;;;
2.10.78 Латеральная кантопластика;;;;Офтальмология;Офтальмология;;1 глаз;9600;;;;;
2.10.79 Пластика роговицы конъюнктивальным лоскутом на ножке;;;;Офтальмология;Офтальмология;;1 глаз;12000;;;;;
2.10.80 Интракапсулярная экстракция хрусталика;;;;Офтальмология;Офтальмология;;1 глаз;12000;;;;;
;;;;;;;;;;;;;
5.2.22 ИХА крови (Прогестерон);;;Услуги платные;Лаборатория;Лаборатория;51192;1 исследование;1700;;;;;
5.2.22 ИХА крови (Т3 общий);;;Услуги платные;Лаборатория;Лаборатория;51192;1 исследование;1250;;;;;
5.2.22 ИХА крови (Т4 общий);;;Услуги платные;Лаборатория;Лаборатория;51192;1 исследование;1250;;;;;
5.2.22 ИХА крови (Т4 свободный);;;Услуги платные;Лаборатория;Лаборатория;51192;1 исследование;1250;;;;;
5.2.22 ИХА крови (ТТГ);;;Услуги платные;Лаборатория;Лаборатория;51192;1 исследование;1250;;;;;
5.2.8 Хламидиоз (РСК и РДСК) (2023);;;Услуги платные;Лаборатория;Лаборатория;5128;1 проба;600;;;;;
5.2.8 Хламидиоз (РСК и РДСК) (без стоимости диагностики 2023);;;Услуги платные;Лаборатория;Лаборатория;5128;1 проба;450;;;;;
5.2.9 Сап (РА);;;Услуги платные;Лаборатория;Лаборатория;5129;1 проба;500;;;;;
5.2.9 Сап (РА) (без стоимости диагностики 2023);;;Услуги платные;Лаборатория;Лаборатория;5129;1 проба;400;;;;;
5.3 Вирусологические исследования;;;Услуги платные;Лаборатория;Лаборатория;5130;1 показатель;0;;;;;
5.3.10 Африканская чума свиней (РПИФ);;;Услуги платные;Лаборатория;Лаборатория;5132;1 проба;390;;;;;
5.3.11 Классическая чума свиней (ИФА);;;Услуги платные;Лаборатория;Лаборатория;5133;1 проба;180;;;;;
5.3.12 Трансмиссивный гастроэнтерит свиней (ИФА);;;Услуги платные;Лаборатория;Лаборатория;5134;1 проба;160;;;;;
5.3.13 Парвовирусная болезнь свиней (РТГА);;;Услуги платные;Лаборатория;Лаборатория;5135;1 проба;120;;;;;
5.3.14 Репродуктивно-респираторный синдром свиней (ИФА);;;Услуги платные;Лаборатория;Лаборатория;5136;1 проба;180;;;;;
5.3.17 Исследование по выявлению хламидиоза (2022);;;Услуги платные;Лаборатория;Лаборатория;5139;1 проба;900;;;;;
5.3.18 Исследование по выявлению микоплазмоза (2022);;;Услуги платные;Лаборатория;Лаборатория;5140;1 проба;900;;;;;
5.3.19 Исследование по выявлению иерсиниоза (ПЦР);;;Услуги платные;Лаборатория;Лаборатория;5141;1 проба;465;;;;;
5.3.2 Парвовирусный энтерит собак, панлейкопения кошек (ИФА);;;Услуги платные;Лаборатория;Лаборатория;5142;1 проба;220;;;;;
5.3.21 Исследование по выявлению паратуберкулеза;;;Услуги платные;Лаборатория;Лаборатория;5144;1 проба;345;;;;;
5.3.23 Исследование по выявлению туберкулеза;;;Услуги платные;Лаборатория;Лаборатория;5146;1 проба;345;;;;;
5.3.24 Исследование по выявлению ринотрахеита (ПЦР 2022 у кошек);;;Услуги платные;Лаборатория;Лаборатория;5147;1 проба;900;;;;;
5.3.25 Чума плотоядных (2022);;;Услуги платные;Лаборатория;Лаборатория;5148;1 исследование;900;;;;;
5.3.29 ПЦР (Бордетеллез);;;Услуги платные;Лаборатория;Лаборатория;5152;1 исследование;900;;;;;
5.3.29 ПЦР (Герпес вирус собак);;;Услуги платные;Лаборатория;Лаборатория;5152;1 исследование;900;;;;;
5.3.29 ПЦР (Дирофиляриоз);;;Услуги платные;Лаборатория;Лаборатория;5152;1 исследование;1000;;;;;
5.3.29 ПЦР (кампилобактериоз 2022);;;Услуги платные;Лаборатория;Лаборатория;5152;1 исследование;900;;;;;
5.3.29 ПЦР (Клостридиоз);;;Услуги платные;Лаборатория;Лаборатория;5152;1 исследование;1000;;;;;
5.3.29 ПЦР (КОЛИПОЛ);;;Услуги платные;Лаборатория;Лаборатория;5152;1 исследование;1000;;;;;
5.3.29 ПЦР (Коронавирусный энтерит 2022);;;Услуги платные;Лаборатория;Лаборатория;5152;1 исследование;800;;;;;
5.3.29 ПЦР (Лямблиоз);;;Услуги платные;Лаборатория;Лаборатория;5152;1 исследование;900;;;;;
5.3.29 ПЦР (Парвовирусный энтерит собак, панлейкопения кошек 2022);;;Услуги платные;Лаборатория;Лаборатория;5152;1 исследование;900;;;;;
5.3.29 ПЦР (Пироплазмоз);;;Услуги платные;Лаборатория;Лаборатория;5152;1 исследование;900;;;;;
5.3.29 ПЦР (Сальмонеллез 2022);;;Услуги платные;Лаборатория;Лаборатория;5152;1 исследование;900;;;;;
5.3.29 ПЦР (Трихомоноз);;;Услуги платные;Лаборатория;Лаборатория;5152;1 исследование;1000;;;;;
5.3.3 Уреаплазмоз (2022);;;Услуги платные;Лаборатория;Лаборатория;5153;1 проба;900;;;;;
5.3.31 плазма;;;Услуги платные;Лаборатория;Лаборатория;5155;1 исследование;345;;;;;
5.3.32 асцитная жидкость/кал;;;Услуги платные;Лаборатория;Лаборатория;5156;1 исследование;345;;;;;
5.3.33 плазма+асцитная жидкость/кал;;;Услуги платные;Лаборатория;Лаборатория;5157;комплекс исследований;400;;;;;
5.3.35  Вирусный гепатит собак (Аденовирус первого типа (CAV 1) (2020  (выбрать лабораторию));;;Услуги платные;Лаборатория;Лаборатория;5159;1 исследование;519;;;;;
5.3.35  Вирусный гепатит собак (Аденовирус первого типа (CAV 1) (КДЛ ПЦР);;;Услуги платные;Лаборатория;Лаборатория;5159;1 исследование;900;;;;;
5.3.36 Аденовирус второго типа (CAV 2) (2020  (выбрать лабораторию));;;Услуги платные;Лаборатория;Лаборатория;5160;;519;;;;;
5.3.36 Аденовирус второго типа (CAV 2) (КДЛ);;;Услуги платные;Лаборатория;Лаборатория;5160;1 исследование;900;;;;;
5.3.37 (CAV 1) + (CAV 2);;;Услуги платные;Лаборатория;Лаборатория;5161;комплекс исследований;400;;;;;
5.3.38 Исследование по выявлению сальмонеллеза (2023);;;Услуги платные;Лаборатория;Лаборатория;5162;1 исследование;700;;;;;
5.3.4 Аденовирусная инфекция (ПЦР);;;Услуги платные;Лаборатория;Лаборатория;5164;1 проба;900;;;;;
"5.3.45 Исследование по вывлению вируса классической чумы свиней методом ПЦР в режиме ""реального времени""";;;Услуги платные;Лаборатория;Лаборатория;5170;1 проба;400;;;;;
5.3.46 Исследование одной пробы на наличие содержание генетически модифицированных источников растительного происхождения в продуктах питания, пищевом сырье, кормах качественным методом для идентификации гена растительного белка лектина сои (LEC);;;Услуги платные;Лаборатория;Лаборатория;5171;1 проба;1022;;;;;
5.3.47 Исследование одной пробы на наличие содержание генетически модифицированных источников растительного происхождения в продуктах питания, пищевом сырье, кормах качественным методом для идентификации гена растительного белка зеин кукурузы (ZEX);;;Услуги платные;Лаборатория;Лаборатория;5172;1 проба;1022;;;;;
5.3.48 Исследование одной пробы на наличие содержание генетически модифицированных источников растительного происхождения в продуктах питания, пищевом сырье, кормах качественным методом для идентификации гена растительного пататина картофеля (PATEX);;;Услуги платные;Лаборатория;Лаборатория;5173;1 проба;1022;;;;;
5.3.49 Исследование одной пробы на наличие содержание генетически модифицированных источников растительного происхождения в продуктах питания, пищевом сырье, кормах качественным методом на определение 35S (E35S) промотора ВМЦК;;;Услуги платные;Лаборатория;Лаборатория;5174;1 проба;1022;;;;;
5.3.5 Вирусная лейкемия кошек (ПЦР 2022);;;Услуги платные;Лаборатория;Лаборатория;5175;1 проба;850;;;;;
5.3.50 Исследование одной пробы на наличие содержание генетически модифицированных источников растительного происхождения в продуктах питания, пищевом сырье, кормах качественным методом на определение NOS терминатора;;;Услуги платные;Лаборатория;Лаборатория;5176;1 проба;1022;;;;;
5.3.51 Исследование одной пробы на наличие содержание генетически модифицированных источников растительного происхождения в продуктах питания, пищевом сырье, кормах качественным методом на определение СР4-гена (гербицидоустойчивости);;;Услуги платные;Лаборатория;Лаборатория;5177;1 проба;1022;;;;;
5.3.52 Исследование одной пробы на наличие содержание генетически модифицированных источников растительного происхождения в продуктах питания, пищевом сырье, кормах качественным методом на определение Cryla-гена (устойчивости к насекомым);;;Услуги платные;Лаборатория;Лаборатория;5178;1 проба;1022;;;;;
5.3.53 Исследование одной пробы на наличие содержание генетически модифицированных источников растительного происхождения в продуктах питания, пищевом сырье, кормах качественным методом на определение Cryllla-гена (устойчивости к насекомым);;;Услуги платные;Лаборатория;Лаборатория;5179;2 проба;1022;;;;;
5.3.54 Исследование одной пробы на наличие содержание генетически модифицированных источников растительного происхождения в продуктах питания, пищевом сырье, кормах качественным методом на определение NPTII-гена (устойчивости к антибиотику);;;Услуги платные;Лаборатория;Лаборатория;5180;3 проба;1022;;;;;
5.3.55 Исследование одной пробы для выявления ДНК сои и кукурузы и идентификации генетически модифицированных источников проиотора 35S растительного происхождения в продуктах питания, пищевом сырье, кормах качественным методом;;;Услуги платные;Лаборатория;Лаборатория;5181;1 проба;957;;;;;
5.3.6 Вирусный иммунодефицит кошек (ПЦР 2022);;;Услуги платные;Лаборатория;Лаборатория;5182;1 проба;850;;;;;
5.3.7 Парвовирусный энтерит собак, панлейкопения кошек, ПАРВО-тест (Экспресс 2022);;;Услуги платные;Лаборатория;Лаборатория;5183;1 исследование;2060;;;;;
5.3.8 Бешенство (выдача дубликата об исследовании крови на наличие антител к вирусу бешенства);;;Услуги платные;Лаборатория;Лаборатория;5184;1 документ;650;;;;;
5.3.8 Бешенство (определение титра антител к вирусу бешенства в сыворотке крови животных за 14 дней);;;Услуги платные;Лаборатория;Лаборатория;5184;1 исследование;8000;;;;;
5.3.8 Бешенство (определение титра антител к вирусу бешенства в сыворотке крови животных за 3-6 рабочих  дней);;;Услуги платные;Лаборатория;Лаборатория;5184;1 исследование;15000;;;;;
5.3.9 Грипп птиц (РТГА);;;Услуги платные;Лаборатория;Лаборатория;5185;1 проба;1500;;;;;
5.3.9 Грипп птиц (РТГА) (Грипп А без стоимости тест-системы, 2023);;;Услуги платные;Лаборатория;Лаборатория;5185;1 проба;800;;;;;
5.3.9 Грипп птиц (РТГА) (при условии одновременного заказа на исследование 10 проб и выше, 2023);;;Услуги платные;Лаборатория;Лаборатория;5185;1 проба;950;;;;;
5.4 Клинико-диагностические исследования;;;Услуги платные;Лаборатория;Лаборатория;5186;1 показатель;0;;;;;
5.4.1 Общеклинические исследования;;;Услуги платные;Лаборатория;Лаборатория;5187;1 показатель;0;;;;;
5.4.11 Подсчет ретикулоцитов (2022);;;Услуги платные;Лаборатория;Лаборатория;5189;1 исследование;500;;;;;
5.4.12 Исследование кала (Копрограмма) (2024);;;Услуги платные;Лаборатория;Лаборатория;5190;1 исследование;500;;;;;
5.4.14 Исследование кала на простейших,  яйца гельминтов (,  (комплексное исследование , 3 метода) 2022);;;Услуги платные;Лаборатория;Лаборатория;5192;исследование;500;;;;;
5.4.16 Биохимическое исследование крови (2022);;;Услуги платные;Лаборатория;Лаборатория;5194;1 показатель;200;;;;;
5.4.17 Биохимия крови (общий профиль) (2022);;;Услуги платные;Лаборатория;Лаборатория;5195;комплекс из 19 показателей;1800;;;;;
5.4.18 Биохимические исследования крови на креатинкиназу СК (2022);;;Услуги платные;Лаборатория;Лаборатория;5196;1 исследование;450;;;;;
5.4.19 Биохимические исследования крови на фруктозамин (2022);;;Услуги платные;Лаборатория;Лаборатория;5197;1 исследование;350;;;;;
5.4.2 Общий клинический анализ мочи (2022);;;Услуги платные;Лаборатория;Лаборатория;5198;1 исследование;600;;;;;
5.4.22 С-реактивный протеин (2024);;;Услуги платные;Лаборатория;Лаборатория;5201;1 показатель;1000;;;;;
5.4.24 Витамин А;;;Услуги платные;Лаборатория;Лаборатория;5203;1 показатель;275;;;;;
5.4.25 Витамин Е;;;Услуги платные;Лаборатория;Лаборатория;5204;1 показатель;275;;;;;
5.4.29 Биохимическое исследование мочи (2022);;;Услуги платные;Лаборатория;Лаборатория;5208;1 показатель;900;;;;;
5.4.37 Дерматомикозы животных (Микологическое исследовыание в ГВЛ 2024);;;Услуги платные;Лаборатория;Лаборатория;5217;1 исследование;1950;;;;;
5.4.37 Дерматомикозы животных (Микроскопия в ГВЛ 2024);;;Услуги платные;Лаборатория;Лаборатория;5217;1 исследование;1000;;;;;
5.4.39 Цитологические исследования;;;Услуги платные;Лаборатория;Лаборатория;5219;1 показатель;0;;;;;
5.4.40 Онкоцитология (2022);;;Услуги платные;Лаборатория;Лаборатория;5221;1 исследование;1300;;;;;
5.4.41 Цитологическое исследование пиодермий (2019);;;Услуги платные;Лаборатория;Лаборатория;5222;1 исследование;244;;;;;
5.4.42 Цитологическое исследование  кератоконьюктивитов (дифференциальная диагностика инфекционных кератоконьюктивитов) (2019);;;Услуги платные;Лаборатория;Лаборатория;5223;1 исследование;183;;;;;
5.4.5 Клинический анализ крови с подсчетом лейкограммы (2024);;;Услуги платные;Лаборатория;Лаборатория;5231;1 исследование;900;;;;;
5.4.50 Экспресс диагностика (Лейкемия кошек, Иммунодефицит кошек) (2020);;;Услуги платные;Лаборатория;Лаборатория;5232;1 исследование;2200;;;;;
5.4.51 Экспресс диагностика (Дирофиляриоз, Анаплазмоз, Эрлихиоз, Лейшманиоз 2021);;;Услуги платные;Лаборатория;Лаборатория;5233;1 исследование;2340;;;;;
5.4.51 Экспресс диагностика (лямблиоз 2020);;;Услуги платные;Лаборатория;Лаборатория;5233;1 исследование;2000;;;;;
5.4.52 Экспресс диагностика на специфическую панкреатическую  липазу (кошачью 2021);;;Услуги платные;Лаборатория;Лаборатория;5234;1 исследование;2750;;;;;
5.4.52 Экспресс диагностика на специфическую панкреатическую  липазу (собачью 2021);;;Услуги платные;Лаборатория;Лаборатория;5234;1 исследование;2960;;;;;
5.4.53 Экспресс-диагностика на желчные кислоты (2024);;;Услуги платные;Лаборатория;Лаборатория;5235;1 исследование;900;;;;;
5.4.54 Исследование коагуляционного гемостаза (2022);;;Услуги платные;Лаборатория;Лаборатория;5236;1 показатель;700;;;;;
5.4.6 Клинический анализ крови без подсчета лейкограммы (2024);;;Услуги платные;Лаборатория;Лаборатория;5242;1 исследование;600;;;;;
5.4.61 Тест на определение совместимости крови (для последующего переливания крови) (2022);;;Услуги платные;Лаборатория;Лаборатория;5244;1 исследование;900;;;;;
5.4.67 Клинико-диагностические исследования методом слайдовой химии:;;;Услуги платные;Лаборатория;Лаборатория;5250;1 показатель;0;;;;;
5.4.7 Подсчет лейкограммы (2019);;;Услуги платные;Лаборатория;Лаборатория;5253;1 исследование;200;;;;;
5.6.3 Определение пестицидов (альдрин, гептахлор, гексахлорбензол и другие);;;Услуги платные;Лаборатория;Лаборатория;5304;1 показатель;395;;;;;
5.6.30 Афлатоксин М1 в сыре ИФА;;;Услуги платные;Лаборатория;Лаборатория;5305;1 показатель;2931;;;;;
5.6.31 Охратоксин А методом ИФА;;;Услуги платные;Лаборатория;Лаборатория;5306;1 показатель;1705;;;;;
5.6.32 Охратоксин А методом ВЭЖХ;;;Услуги платные;Лаборатория;Лаборатория;5307;1 показатель;2053;;;;;
5.6.33 Зооциды (зоокумарин, крысид);;;Услуги платные;Лаборатория;Лаборатория;5308;1 показатель;980;;;;;
5.6.34 Витамины А и Е;;;Услуги платные;Лаборатория;Лаборатория;5309;1 показатель;648;;;;;
5.6.35 Бенз(а)пирен;;;Услуги платные;Лаборатория;Лаборатория;5310;1 показатель;927;;;;;
5.6.36 Афлатоксин (B1,B2,G1,G2) метод ВЭЖХ;;;Услуги платные;Лаборатория;Лаборатория;5311;1 показатель;2347;;;;;
5.6.37 Определение АДВ в дезинф. средствах;;;Услуги платные;Лаборатория;Лаборатория;5312;1 показатель;230;;;;;
5.6.38 Определение ксилита и сорбита (кондитерские изделия);;;Услуги платные;Лаборатория;Лаборатория;5313;1 показатель;591;;;;;
5.6.39 Определение сорбиновой кислоты в пищевых продуктах;;;Услуги платные;Лаборатория;Лаборатория;5314;1 показатель;891;;;;;
5.6.4 Фосфорорганические пестициды;;;Услуги платные;Лаборатория;Лаборатория;5315;1 показатель;630;;;;;
5.6.40 Количественное определение нитрофуранов (АМОЗ)в образцах мяса, печени, рыбы, креветках, яйцах и мёде методом ИФА;;;Услуги платные;Лаборатория;Лаборатория;5316;1 показатель;2486;;;;;
5.6.41 Количественное определение нитрофуранов (АОЗ)в образцах мяса,молока, рыбы, печени, креветках, яйцах и мёде методом ИФА;;;Услуги платные;Лаборатория;Лаборатория;5317;1 показатель;2486;;;;;
5.6.42 Хинолоны (фторхинолоны);;;Услуги платные;Лаборатория;Лаборатория;5318;1 показатель;2651;;;;;
5.6.43 Определение содержания рактопмина методом ИФА;;;Услуги платные;Лаборатория;Лаборатория;5319;1 показатель;2100;;;;;
5.6.44 Определение содержания рактопмина методом ВЭЖХ;;;Услуги платные;Лаборатория;Лаборатория;5320;1 показатель;5726;;;;;
5.6.45 Бета-агонисты (кленбутерол, мабутерол, бромбутерол);;;Услуги платные;Лаборатория;Лаборатория;5321;1 показатель;2100;;;;;
5.6.46 Определение массовой доли аминокислот (сумма цистина и цистиина) методом ВЭЖХ в кормах, комбикормах, комбикормовом сырье;;;Услуги платные;Лаборатория;Лаборатория;5322;1 показатель;1400;;;;;
5.6.47 Определение массовой доли аминокислот (метионин) методом ВЭЖХ в кормах, комбикормах, комбикормовом сырье;;;Услуги платные;Лаборатория;Лаборатория;5323;1 показатель;1418;;;;;
5.6.48 Определение массовой доли аминокислот (один показатель) методом ВЭЖХ в кормах, комбикормах, комбикормовом сырье;;;Услуги платные;Лаборатория;Лаборатория;5324;;930;;;;;
5.6.49 Определение массовой доли аминокислот (триптофан) методом ВЭЖХ в кормах, комбикормах, комбикормовом сырье;;;Услуги платные;Лаборатория;Лаборатория;5325;1 показатель;1003;;;;;
5.6.5 Определение содержания остаточных количеств пестицидов методом хромато-масс-спектрометрии;;;Услуги платные;Лаборатория;Лаборатория;5326;1 показатель;2100;;;;;
5.6.50 Масса нетто;;;Услуги платные;Лаборатория;Лаборатория;5327;1 показатель;120;;;;;
5.6.51 Прочие ветеринарные услуги;;;Услуги платные;Лаборатория;Лаборатория;5328;;0;;;;;
5.6.6 Пиретроиды;;;Услуги платные;Лаборатория;Лаборатория;5329;1 показатель;490;;;;;
5.6.7 Полихлорированные бифинилы (рыба);;;Услуги платные;Лаборатория;Лаборатория;5330;1 показатель;1893;;;;;
5.6.8 Нитрозамины;;;Услуги платные;Лаборатория;Лаборатория;5331;1 показатель;1100;;;;;
5.6.9 Количественное определение стрептомицина методом ИФА;;;Услуги платные;Лаборатория;Лаборатория;5332;1 показатель;1900;;;;;
5.7 Оформление протокола;;;Услуги платные;Лаборатория;Лаборатория;5333;шт.;60;;;;;
7,13 Дексдомитор;;;Услуги платные;Лаборатория;Лаборатория;6011;0,1 мл;0;;;;;
7.12 Трамадол 5%;;;Услуги платные;Лаборатория;Лаборатория;6011;мл;0;;;;;
7.1 (Антидан);;;Услуги платные;Лаборатория;Лаборатория;6002;0,1 мл;0;;;;;
7.1 (Антиседан);;;Услуги платные;Лаборатория;Лаборатория;6002;0,1 мл;0;;;;;
7.10 Ветранквил;;;Услуги платные;Лаборатория;Лаборатория;6009;мл;0;;;;;
7.11 Анестофол 5% (10 мл);;;Биопрепараты;Лаборатория;Лаборатория;6010;1 ампула;0;;;;;
7.2 Атропина сульфат;;;Услуги платные;Лаборатория;Лаборатория;6006;1 ампула;0;;;;;
7.3 Дроперидол;;;Услуги платные;Лаборатория;Лаборатория;6004;мл;0;;;;;
7.4 Золетил;;;Услуги платные;Лаборатория;Лаборатория;6005;0,1 мл;0;;;;;
7.5 (Ксила);;;Услуги платные;Лаборатория;Лаборатория;6001;мл;0;;;;;
7.5 (Ксилавет);;;Услуги платные;Лаборатория;Лаборатория;6001;мл;0;;;;;
7.6 Листенон;;;Услуги платные;Лаборатория;Лаборатория;6008;1 ампула;0;;;;;
7.7 (Доминал);;;Услуги платные;Лаборатория;Лаборатория;6003;0,1 мл;0;;;;;
7.7 (Домитор);;;Услуги платные;Лаборатория;Лаборатория;6003;0,1 мл;0;;;;;
7.8 Прозерин 0,5 мг/мл;;;Услуги платные;Лаборатория;Лаборатория;6007;1 ампула;0;;;;;
7.9 Пропофол;;;Услуги платные;Лаборатория;Лаборатория;6000;мл;0;;;;;
Исследование на арахноэнтомозы животных;;;Услуги платные;Лаборатория;Лаборатория;5213;1 исследование;250;;;;;
5.4.13 Исследования кала (Исследование на трихомоноз);;;;Лаборатория;Лаборатория;;1 исследование;700;;;;;
5.3.29 ПЦР (Гемобартенеллез);;;Услуги платные;Лаборатория;Лаборатория;5152;1 исследование;950;;;;;
5.3.8 Бешенство;;;Услуги платные;Лаборатория;Лаборатория;5184;1 документ;7500;;;;;
5.3.8 Бешенство (без стоимости диагностического номера 2024);;;Услуги платные;Лаборатория;Лаборатория;5184;1 документ;5200;;;;;
Первичный прием узкого специалиста. (Офтальмолог);;;Услуги платные;Лаборатория;Лаборатория;1103;1 голова;2000;;;;;
5.1.1 Исследование патматериала на бруцеллез (2022);;;Услуги платные;Лаборатория;Лаборатория;5069;1 проба;1000;;;;;
5.1.20 Исследование фекалий на сальмонеллез (2023);;;Услуги платные;Лаборатория;Лаборатория;5081;1 проба;700;;;;;
5.1.7 Исследование патматериала на условно-патогенную микрофлору с определением чувствительности к антимикробным препаратам (2024);;;Услуги платные;Лаборатория;Лаборатория;5102;1 проба;2500;;;;;
5.1.7.1  Пробирка с транспортной средой (2023);;;Услуги платные;Лаборатория;Лаборатория;51021;1 шт.;85;;;;;
5.2.15 Токсопламоз (Toxoplasma gondii (ИФА) 2024);;;Услуги платные;Лаборатория;Лаборатория;5112;1 проба;1700;;;;;
5.2.2 Лептоспироз (РМА) с 15-ю серогруппами лептоспир (2024);;;Услуги платные;Лаборатория;Лаборатория;5117;1 проба;1750;;;;;
5.2.20 Биохимические исследования крови на гормоны: (Гормоны надпочечников - кортизол);;;Услуги платные;Лаборатория;Лаборатория;5118;1 исследование;1500;;;;;
5.2.21 Биохимическое исследование крови на гормоны методом ИФА (Кортизол 2023);;;Услуги платные;Лаборатория;Лаборатория;5119;1 исследование;650;;;;;
5.2.21 Биохимическое исследование крови на гормоны методом ИФА (Тестостерон 2023);;;Услуги платные;Лаборатория;Лаборатория;5119;1 исследование;650;;;;;
5.2.21 Биохимическое исследование крови на гормоны методом ИФА (трийодтиронин Т3, 2023);;;Услуги платные;Лаборатория;Лаборатория;5119;1 исследование;650;;;;;
5.2.21 Биохимическое исследование крови на гормоны методом ИФА (Эстрадиол 2023);;;Услуги платные;Лаборатория;Лаборатория;5119;1 исследование;1200;;;;;
5.2.23 Определение  антител класса IgG или IgE, специфичных в отношении аллергенов пищевых монопродуктов в сыворотке крови животных методом ИФА (2024);;;Услуги платные;Лаборатория;Лаборатория;5121;1 исследование;6400;;;;;
5.2.24 Определение  антител класса IgG или IgE, специфичных в отношении аллергенов промышленных кормов в сыворотке крови животных методом ИФА (2024);;;Услуги платные;Лаборатория;Лаборатория;5122;1 исследование;6400;;;;;
5.2.3 Микроскопические исследования мочи на лептоспироз (2024);;;Услуги платные;Лаборатория;Лаборатория;5123;1 проба;400;;;;;
5.2.6 Бруцеллез (РСК) (2023);;;Услуги платные;Лаборатория;Лаборатория;5126;1 проба;550;;;;;
5.3.16 Исследование по выявлению орнитоза;;;Услуги платные;Лаборатория;Лаборатория;5138;1 проба;614,97;;;;;
5.3.22 Исследование по выявлению бруцеллеза (ПЦР  (ГВЛ) 2025);;;Услуги платные;Лаборатория;Лаборатория;5145;1 исследование;2500;;;;;
5.3.22 Исследование по выявлению бруцеллеза (ПЦР (КДЛ) 2023);;;Услуги платные;Лаборатория;Лаборатория;5145;1 исследование;740;;;;;
5.3.40 Исследование по выявлению лептоспироза (ПЦР  без стоимости тест-системы 2023);;;Услуги платные;Лаборатория;Лаборатория;5165;1 проба;1100;;;;;
5.3.42 Исследование по выявлению гриппа птиц;;;Услуги платные;Лаборатория;Лаборатория;5167;1 исследование;863,05;;;;;
5.4.11.2 Цитологическое исследование мочи (2022);;;Услуги платные;Лаборатория;Лаборатория;52261;1 исследование;600;;;;;
5.4.11.3 Диагностика микрофилярий методом Кнотта (2022);;;Услуги платные;Лаборатория;Лаборатория;51042;1 исследование;600;;;;;
5.4.15 Исследование нативного мазка кала на лямблиоз (2022);;;Услуги платные;Лаборатория;Лаборатория;5193;1 исследование;500;;;;;
5.4.15 Исследование нативного мазка кала на лямблиоз (2023);;;Услуги платные;Лаборатория;Лаборатория;5193;1 исследование;250;;;;;
5.4.27 Исследование на кислотно-щелочное равновесие крови (газы, электролиты) (2022);;;Услуги платные;Лаборатория;Лаборатория;5206;1 исследование;1000;;;;;
5.4.28 Исследование мазков крови на выявление кровепаразитов (2020);;;Услуги платные;Лаборатория;Лаборатория;5207;;300;;;;;
5.4.28 Исследование мазков крови на выявление кровепаразитов (2022);;;Услуги платные;Лаборатория;Лаборатория;5207;1 исследование;550;;;;;
Мануальное опорожнение мочевого пузыря (без катетеризации) (2023);;;Услуги платные;Лаборатория;Лаборатория;2013;1 голова;400;;;;;
5.3.26 Калицивироз  кошек (ПЦР) (ПЦР 2022);;;Услуги платные;Лаборатория;Лаборатория;;1 проба;800;;;;;
5.4.9.2 Метод слайдовой б/х Биохимические исследования крови (общий профиль) (2019);;;Услуги платные;Лаборатория;Лаборатория;;Комплекс из 12 показателей;203;;;;;
5.4.9.3 Метод слайдовой б/х Биохимические исследования крови (основной профиль) (2019);;;Услуги платные;Лаборатория;Лаборатория;;Комплекс из 6 показателей;203;;;;;
5.4.9.4 Метод слайдовой б/х Общий анализ крови микрокапиллярным методом;;;Услуги платные;Лаборатория;Лаборатория;;1 исследование;350;;;;;
5.5.17.1 Анализ кала на криптоспоридиоз (2022);;;Услуги платные;Лаборатория;Лаборатория;;1 исследование;800;;;;;
5.5.18 Изготовление гистопрепаратов (без выдачи заключения) (2022);;;Услуги платные;Лаборатория;Лаборатория;;1 исследование;1250;;;;;
5.5.19 Изготовление срезов с готовых парафиновых блоков (окраска гематоксилин-эозин, без выдачи заключения) (2022);;;Услуги платные;Лаборатория;Лаборатория;;1 блок-2 стекла;635;;;;;
5.4.2 Общий клинический анализ мочи (Окраска осадка мочи по Граму);;;Услуги платные;Лаборатория;Лаборатория;5198;;200;;;;;
5.2.21 Биохимическое исследование крови на гормоны методом ИФА ((тироксин свободный (Т4 свободный)) 2023);;;Услуги платные;Лаборатория;Лаборатория;5119;1 показатель;650;;;;;
5.4.13 Исследования кала (Исследование кала на стронгилоидоз);;;Услуги платные;Лаборатория;Лаборатория;;1 исследование;350;;;;;
Исследование патматериала на рожу свиней;;;Услуги платные;Лаборатория;Лаборатория;;1 проба;600;;;;;
;;;;;;;;;;;;;
Биокан DHPPi-RL (Биокан DHPPi-RL);;;Биопрепараты;Регистрация, вакцинация;Регистрация, вакцинация;DHPPi-RL;1 введение;0;;;;;
Биокан DHPPi-L (Биокан DHPPi+L);;;Биопрепараты;Регистрация, вакцинация;Регистрация, вакцинация;DHPPi-L;1 введение;0;;;;;
Биофел PCH платные (Биофел PCH платные);;;Биопрепараты;Регистрация, вакцинация;Регистрация, вакцинация;PCH;1 введение;0;;;;;
Биофел PCHR платные (Биофел PCHR платные);;;Биопрепараты;Регистрация, вакцинация;Регистрация, вакцинация;PCHR;1 введение;0;;;;;
;;;;;;;;;;;;;
Дентальный рентген;;;Услуги платные;Стоматология;Стоматология;48815;1 снимок;600;;;;;
Лечение перелома нижней челюсти (собака от 10 кг) (2022);;;Услуги платные;Стоматология;Стоматология;48813;1 манипуляция;15000;;;;;
Ортодонтическое лечение (активация) (2022);;;Услуги платные;Стоматология;Стоматология;48819;1 манипуляция;3000;;;;;
Ортодонтическое лечение (собака до 10 кг) установка брекетов (2022);;;Услуги платные;Стоматология;Стоматология;48817;1 манипуляция;10000;;;;;
Резекция десны (2022);;;Услуги платные;Стоматология;Стоматология;48811;1 зуб;2000;;;;;
Реставрация коронки (2022);;;Услуги платные;Стоматология;Стоматология;4916;1 зуб;3000;;;;;
Снятие брекет-системы (2022);;;Услуги платные;Стоматология;Стоматология;48820;1 манипуляция;6000;;;;;
Удаление зуба с ушиванием лунки (резец) (2022);;;Услуги платные;Стоматология;Стоматология;48805;1 манипуляция;1500;;;;;
Эндодонтическое лечение (клык, собака от 10 кг) (2022);;;Услуги платные;Стоматология;Стоматология;48808;1 зуб;9000;;;;;
"Эндодонтическое лечение (клык; кошка, собака до 10 кг) (2022)";;;Услуги платные;Стоматология;Стоматология;48807;1 зуб;6000;;;;;
"Эндодонтическое лечение (моляр, премоляр; собака до 10 кг) (2022)";;;Услуги платные;Стоматология;Стоматология;48809;1 зуб;10000;;;;;
Гингивэктомия (2022);;;Услуги платные;Стоматология;Стоматология;48822;1 процедура;1500;;;;;
Гингивэктомия при ювинильном гингивите (2022);;;Услуги госзадание;Стоматология;Стоматология;48823;1 процедура;700;;;;;
Лечение кариеса (2022);;;Услуги платные;Стоматология;Стоматология;48806;1 манипуляция;3500;;;;;
Лечение перелома нижней челюсти (собака, кошка до 10 кг) (2022);;;Услуги платные;Стоматология;Стоматология;48812;1 манипуляция;12000;;;;;
Наложение швов (2022);;;Услуги платные;Стоматология;Стоматология;4897;1 процедура;250;;;;;
Операция при травмах верхней, нижней челюсти: (у кошек 2022);;;Услуги платные;Стоматология;Стоматология;4921;1 голова;5000;;;;;
Операция при травмах верхней, нижней челюсти: (у собак 2022);;;Услуги платные;Стоматология;Стоматология;4921;1 голова;7000;;;;;
Ортодонтическое лечение (собака от 10 кг) установка брекетов (2022);;;Услуги платные;Стоматология;Стоматология;48818;1 манипуляция;15000;;;;;
Подпиливание зубов у грызунов (2022);;;Услуги платные;Стоматология;Стоматология;4898;1 процедура;500;;;;;
Протезирование зуба (без учета стоимости коронки) (2022);;;Услуги платные;Стоматология;Стоматология;48816;1 зуб;5000;;;;;
Резекция челюсти (кошка);;;Услуги платные;Стоматология;Стоматология;486997;1 голова;7635;;;;;
Резекция челюсти (собака);;;Услуги платные;Стоматология;Стоматология;486997;1 голова;9870;;;;;
Удаление зуба с ушиванием лунки (клык, моляр) (2022);;;Услуги платные;Стоматология;Стоматология;48803;1 манипуляция;3000;;;;;
Удаление зуба с ушиванием лунки (премоляр) (2022);;;Услуги платные;Стоматология;Стоматология;48804;1 манипуляция;2500;;;;;
Удаление эпулиса (2022);;;Услуги платные;Стоматология;Стоматология;48814;1 манипуляция;2000;;;;;
Ушивание ороназальной фистулы (2022);;;Услуги платные;Стоматология;Стоматология;48821;1 процедура;2000;;;;;
Эндодонтическое лечение (резец) (2022);;;Услуги платные;Стоматология;Стоматология;48810;1 зуб;5000;;;;;
Санация полости рта у собак, кошек (2022);;;Услуги платные;Стоматология;Стоматология;;1 процедура;2000;;;;;
Шинирование зубов (2022);;;Услуги платные;Стоматология;Стоматология;;1 процедура;2500;;;;;
Вправление вывихов нижней челюсти с фиксацией (2022);;;Услуги платные;Стоматология;Стоматология;;1 процедура;4000;;;;;
Вскрытие одонтогенного абсцесса (2022);;;Услуги платные;Стоматология;Стоматология;;1 процедура;1500;;;;;
Обработка ротовой полости антибактериальными веществами (2022);;;Услуги платные;Стоматология;Стоматология;;1 процедура;200;;;;;
Реставрация эмали (2022);;;Услуги платные;Стоматология;Стоматология;;1 процедура;1000;;;;;
Снятие конструкции (2022);;;Услуги платные;Стоматология;Стоматология;;1 процедура;1500;;;;;
Удаление временных (молочных) 4 клыков (2022);;;Услуги платные;Стоматология;Стоматология;;1 процедура;1500;;;;;
Удаление временных (молочных) зубов (2022);;;Услуги платные;Стоматология;Стоматология;;1 зуб;400;;;;;
Удаление коренных зубов у кошек (Обычное);;;Услуги платные;Стоматология;Стоматология;;1 зуб;300;;;;;
Удаление коренных зубов у кошек (При парадонтите);;;Услуги платные;Стоматология;Стоматология;;1 зуб;200;;;;;
Удаление коренных зубов у кошек (Сложное);;;Услуги платные;Стоматология;Стоматология;;1 зуб;800;;;;;
Удаление коренных зубов у собак (Обычное);;;Услуги платные;Стоматология;Стоматология;;1 зуб;800;;;;;
Удаление коренных зубов у собак (При парадонтите);;;Услуги платные;Стоматология;Стоматология;;1 зуб;400;;;;;
Удаление коренных зубов у собак (Сложное);;;Услуги платные;Стоматология;Стоматология;;1 зуб;1300;;;;;
;;;;;;;;;;;;;
Дополнительная область исследования КТ (2.9.25 Дополнительная область исследования КТ);;;Услуги платные;КТ, МРТ;КТ, МРТ;46699152;1 голова;1500;;;;;
КТ без контраста (10-25 кг 2020);;;Услуги платные;КТ, МРТ;КТ, МРТ;46699149;1 исследование;5300;;;;;
КТ без контраста (10-25 кг 2020 (ЕКП скидка 10%));;;Услуги платные;КТ, МРТ;КТ, МРТ;46699149;1 исследование;4770;;;;;
КТ без контраста (25-50 кг 2020);;;Услуги платные;КТ, МРТ;КТ, МРТ;46699149;1 исследование;5700;;;;;
КТ без контраста (25-50 кг 2020 (ЕКП скидка 10%));;;Услуги платные;КТ, МРТ;КТ, МРТ;46699149;1 исследование;5130;;;;;
КТ без контраста (5-10 кг 2020);;;Услуги платные;КТ, МРТ;КТ, МРТ;46699149;1 исследование;4900;;;;;
КТ без контраста (5-10 кг 2020 (ЕКП скида 10%));;;Услуги платные;КТ, МРТ;КТ, МРТ;46699149;1 исследование;4410;;;;;
КТ без контраста (до 5 кг 2020);;;Услуги платные;КТ, МРТ;КТ, МРТ;46699149;1 исследование;4400;;;;;
КТ без контраста (до 5 кг 2020 (ЕКП скида 10%));;;Услуги платные;КТ, МРТ;КТ, МРТ;46699149;1 исследование;3960;;;;;
КТ без контраста (свыше 50 кг 2020);;;Услуги платные;КТ, МРТ;КТ, МРТ;46699149;1 исследование;6100;;;;;
КТ без контраста (свыше 50 кг 2020 (ЕКП скидка 10%));;;Услуги платные;КТ, МРТ;КТ, МРТ;46699149;1 исследование;5490;;;;;
КТ без контраста (экзотическое животное 2020);;;Услуги платные;КТ, МРТ;КТ, МРТ;46699149;1 исследование;2900;;;;;
КТ без контраста (экзотическое животное 2020 (ЕКП скидка 10%));;;Услуги платные;КТ, МРТ;КТ, МРТ;46699149;1 исследование;2610;;;;;
КТ с контрастом (10-25 кг 2020);;;Услуги платные;КТ, МРТ;КТ, МРТ;46699150;1 исследование;7200;;;;;
КТ с контрастом (10-25 кг 2020 (ЕКП скидка 10%));;;Услуги платные;КТ, МРТ;КТ, МРТ;46699150;1 исследование;6480;;;;;
КТ с контрастом (25-50 кг 2020);;;Услуги платные;КТ, МРТ;КТ, МРТ;46699150;1 исследование;7900;;;;;
КТ с контрастом (25-50 кг 2020 (ЕКП скидка 10%));;;Услуги платные;КТ, МРТ;КТ, МРТ;46699150;1 исследование;7110;;;;;
КТ с контрастом (5-10 кг 2020);;;Услуги платные;КТ, МРТ;КТ, МРТ;46699150;1 исследование;6800;;;;;
КТ с контрастом (5-10 кг 2020 (ЕКП скидка 10%));;;Услуги платные;КТ, МРТ;КТ, МРТ;46699150;1 исследование;6120;;;;;
КТ с контрастом (до 5 кг 2020);;;Услуги платные;КТ, МРТ;КТ, МРТ;46699150;1 исследование;6400;;;;;
КТ с контрастом (до 5 кг 2020 (ЕКП скидка 10%));;;Услуги платные;КТ, МРТ;КТ, МРТ;46699150;1 исследование;5760;;;;;
КТ с контрастом (свыше 50 кг 2020);;;Услуги платные;КТ, МРТ;КТ, МРТ;46699150;1 исследование;8700;;;;;
КТ с контрастом (свыше 50 кг 2020 (ЕКП скидка 10%));;;Услуги платные;КТ, МРТ;КТ, МРТ;46699150;1 исследование;7830;;;;;
КТ с контрастом (экзотическое животное 2020);;;Услуги платные;КТ, МРТ;КТ, МРТ;46699150;1 исследование;3900;;;;;
КТ с контрастом (экзотическое животное 2020 (ЕКП скидка 10%));;;Услуги платные;КТ, МРТ;КТ, МРТ;46699150;1 исследование;3510;;;;;
КТ с миелографией (10-25 кг 2020);;;Услуги платные;КТ, МРТ;КТ, МРТ;46699151;1 исследование;10200;;;;;
КТ с миелографией (10-25 кг 2020 (ЕКП скидка 10%));;;Услуги платные;КТ, МРТ;КТ, МРТ;46699151;1 исследование;9180;;;;;
КТ с миелографией (25-50 кг 2020);;;Услуги платные;КТ, МРТ;КТ, МРТ;46699151;1 исследование;11100;;;;;
КТ с миелографией (25-50 кг 2020 (ЕКП скидка 10%));;;Услуги платные;КТ, МРТ;КТ, МРТ;46699151;1 исследование;9990;;;;;
КТ с миелографией (5-10 кг 2020);;;Услуги платные;КТ, МРТ;КТ, МРТ;46699151;1 исследование;9300;;;;;
КТ с миелографией (5-10 кг 2020 (ЕКП скидка 10%));;;Услуги платные;КТ, МРТ;КТ, МРТ;46699151;1 исследование;8370;;;;;
КТ с миелографией (до 5 кг 2020);;;Услуги платные;КТ, МРТ;КТ, МРТ;46699151;1 исследование;8300;;;;;
КТ с миелографией (до 5 кг 2020 (ЕКП скидка 10%));;;Услуги платные;КТ, МРТ;КТ, МРТ;46699151;1 исследование;7470;;;;;
КТ с миелографией (свыше 50 кг 2020);;;Услуги платные;КТ, МРТ;КТ, МРТ;46699151;1 исследование;12000;;;;;
КТ с миелографией (свыше 50 кг 2020  (ЕКП скидка 10%));;;Услуги платные;КТ, МРТ;КТ, МРТ;46699151;1 исследование;10800;;;;;
МРТ головы, носовой полости, лобных пазух, мягких тканей головы, структуры ср. и вн. уха, структур глаза и области орбиты (стоимость контраста и наркоза включены в стоимость) (10-25 кг  (ЕКП скидка 10%));;;Услуги платные;КТ, МРТ;КТ, МРТ;4669146;1 голова;7470;;;;;
МРТ головы, носовой полости, лобных пазух, мягких тканей головы, структуры ср. и вн. уха, структур глаза и области орбиты (стоимость контраста и наркоза включены в стоимость) (25-50 кг (ЕКП скидка 10%));;;Услуги платные;КТ, МРТ;КТ, МРТ;4669146;1 голова;7560;;;;;
МРТ головы, носовой полости, лобных пазух, мягких тканей головы, структуры ср. и вн. уха, структур глаза и области орбиты (стоимость контраста и наркоза включены в стоимость) (свыше 50 кг);;;Услуги платные;КТ, МРТ;КТ, МРТ;4669146;1 голова;9200;;;;;
МРТ головы, носовой полости, лобных пазух, мягких тканей головы, структуры ср. и вн. уха, структур глаза и области орбиты (стоимость контраста и наркоза включены в стоимость) (свыше 50 кг (ЕКП скидка 10%));;;Услуги платные;КТ, МРТ;КТ, МРТ;4669146;1 голова;8280;;;;;
МРТ отдела позвоночника (без контраста) (10-25 кг);;;Услуги платные;КТ, МРТ;КТ, МРТ;4669147;1 голова;5700;;;;;
МРТ отдела позвоночника (без контраста) (10-25 кг (ЕКП скидка 10%));;;Услуги платные;КТ, МРТ;КТ, МРТ;4669147;1 голова;5130;;;;;
МРТ отдела позвоночника (без контраста) (25-50 кг);;;Услуги платные;КТ, МРТ;КТ, МРТ;4669147;1 голова;6600;;;;;
МРТ отдела позвоночника (без контраста) (25-50 кг (ЕКП скидка 10%));;;Услуги платные;КТ, МРТ;КТ, МРТ;4669147;1 голова;5940;;;;;
МРТ отдела позвоночника (без контраста) (5-10 кг);;;Услуги платные;КТ, МРТ;КТ, МРТ;4669147;1 голова;4800;;;;;
МРТ отдела позвоночника (без контраста) (5-10 кг (ЕКП скидка 10%));;;Услуги платные;КТ, МРТ;КТ, МРТ;4669147;1 голова;4320;;;;;
МРТ отдела позвоночника (без контраста) (до 5 кг);;;Услуги платные;КТ, МРТ;КТ, МРТ;4669147;1 голова;3800;;;;;
МРТ отдела позвоночника (без контраста) (до 5 кг (ЕКП скидка 10%));;;Услуги платные;КТ, МРТ;КТ, МРТ;4669147;1 голова;3420;;;;;
МРТ отдела позвоночника (без контраста) (свыше 50 кг);;;Услуги платные;КТ, МРТ;КТ, МРТ;4669147;1 голова;8500;;;;;
МРТ отдела позвоночника (без контраста) (свыше 50 кг (ЕКП скидка 10%));;;Услуги платные;КТ, МРТ;КТ, МРТ;4669147;1 голова;7650;;;;;
МРТ отдела позвоночника (с контрастом) (10-25 кг);;;Услуги платные;КТ, МРТ;КТ, МРТ;46699148;1 голова;8100;;;;;
МРТ отдела позвоночника (с контрастом) (10-25 кг (ЕКП скидка 10%));;;Услуги платные;КТ, МРТ;КТ, МРТ;46699148;1 голова;7290;;;;;
МРТ отдела позвоночника (с контрастом) (25-50 кг);;;Услуги платные;КТ, МРТ;КТ, МРТ;46699148;1 голова;8400;;;;;
МРТ отдела позвоночника (с контрастом) (25-50 кг (ЕКП скидка 10%));;;Услуги платные;КТ, МРТ;КТ, МРТ;46699148;1 голова;7560;;;;;
МРТ отдела позвоночника (с контрастом) (5-10 кг);;;Услуги платные;КТ, МРТ;КТ, МРТ;46699148;1 голова;6700;;;;;
МРТ отдела позвоночника (с контрастом) (5-10 кг (ЕКП скидка 10%));;;Услуги платные;КТ, МРТ;КТ, МРТ;46699148;1 голова;6030;;;;;
МРТ отдела позвоночника (с контрастом) (до 5 кг);;;Услуги платные;КТ, МРТ;КТ, МРТ;46699148;1 голова;5300;;;;;
МРТ отдела позвоночника (с контрастом) (до 5 кг (ЕКП скидка 10%));;;Услуги платные;КТ, МРТ;КТ, МРТ;46699148;1 голова;4770;;;;;
МРТ отдела позвоночника (с контрастом) (свыше 50 кг);;;Услуги платные;КТ, МРТ;КТ, МРТ;46699148;1 голова;9300;;;;;
МРТ отдела позвоночника (с контрастом) (свыше 50 кг (ЕКП скидка 10%));;;Услуги платные;КТ, МРТ;КТ, МРТ;46699148;1 голова;8370;;;;;
Адреналина гидрохлорид;;;Услуги платные;КТ, МРТ;КТ, МРТ;;1 ампула;0;;;;;
Аеран жид. д/ингал. Анастезии 100мл;;;Услуги платные;КТ, МРТ;КТ, МРТ;;1 мл;0;;;;;
Анестезия при проведении магнитно-резонансной , компьютерной томографии;;;Услуги платные;КТ, МРТ;КТ, МРТ;;1 исследование;2000;;;;;
Антиседан (Антидан) 5мг/мл;;;Услуги платные;КТ, МРТ;КТ, МРТ;;0,1 мл;0;;;;;
Бинт нестерильный 5м*10см;;;Услуги платные;КТ, МРТ;КТ, МРТ;;1 метр;0;;;;;
Бинт нестерильный 7м*14см;;;Услуги платные;КТ, МРТ;КТ, МРТ;;1 метр;0;;;;;
Бинт самоклеющийся 5см*4,5м;;;Услуги платные;КТ, МРТ;КТ, МРТ;;1 метр;0;;;;;
Бинт стерильный 10м*16см;;;Услуги платные;КТ, МРТ;КТ, МРТ;;1 метр;0;;;;;
Бинт стерильный 7м*14см;;;Услуги платные;КТ, МРТ;КТ, МРТ;;1 метр;0;;;;;
Дыхательный фильтр бактер-вирусный 864ММ;;;Услуги платные;КТ, МРТ;КТ, МРТ;;1 шт.;0;;;;;
Катетер в/в с портом и крылышками 18 G;;;Услуги платные;КТ, МРТ;КТ, МРТ;;1 шт.;0;;;;;
Катетер в/в с портом и крылышками 20 G;;;Услуги платные;КТ, МРТ;КТ, МРТ;;1 шт.;0;;;;;
Катетер в/в с портом и крылышками 22 G;;;Услуги платные;КТ, МРТ;КТ, МРТ;;1 шт.;0;;;;;
Катетер в/в с портом и крылышками 24 G;;;Услуги платные;КТ, МРТ;КТ, МРТ;;1 шт.;0;;;;;
Катетер в/в с портом и крылышками 26 G;;;Услуги платные;КТ, МРТ;КТ, МРТ;;1 шт.;0;;;;;
Контур дыхательный 038-02-165;;;Услуги платные;КТ, МРТ;КТ, МРТ;;1 шт.;0;;;;;
Контур дыхательный неонатальный универ. 0,38-03-315;;;Услуги платные;КТ, МРТ;КТ, МРТ;;1 шт.;0;;;;;
Лейкопластырь 3см*500см (3см*5м);;;Услуги платные;КТ, МРТ;КТ, МРТ;;1 метр;0;;;;;
Омнискан;;;Услуги платные;КТ, МРТ;КТ, МРТ;;0,1 мл;0;;;;;
Отбор материала под контролем компьютерного томографа;;;Услуги платные;КТ, МРТ;КТ, МРТ;;1 процедура;1500;;;;;
ПГА плет. L=90 (USP=2/0);;;Услуги платные;КТ, МРТ;КТ, МРТ;;1 шт.;0;;;;;
ПГА плет. L=90 (USP=3/0);;;Услуги платные;КТ, МРТ;КТ, МРТ;;1 шт.;0;;;;;
Подстилки впитывающие 40*60 №30;;;Услуги платные;КТ, МРТ;КТ, МРТ;;1 шт.;0;;;;;
Подстилки впитывающие 60*60 №30;;;Услуги платные;КТ, МРТ;КТ, МРТ;;1 шт.;0;;;;;
;;;;;;;;;;;;;
МРТ головы, носовой полости, лобных пазух, мягких тканей головы, структуры ср. и вн. уха, структур глаза и области орбиты (стоимость контраста и наркоза включены в стоимость) (5-10 кг);;;Услуги платные;Функциональная диагностика;Функциональная диагностика;4669146;1 голова;6400;;;;;
МРТ головы, носовой полости, лобных пазух, мягких тканей головы, структуры ср. и вн. уха, структур глаза и области орбиты (стоимость контраста и наркоза включены в стоимость) (5-10 кг (ЕКП скидка 10%));;;Услуги платные;Функциональная диагностика;Функциональная диагностика;4669146;1 голова;5760;;;;;
МРТ головы, носовой полости, лобных пазух, мягких тканей головы, структуры ср. и вн. уха, структур глаза и области орбиты (стоимость контраста и наркоза включены в стоимость) (до 5 кг);;;Услуги платные;Функциональная диагностика;Функциональная диагностика;4669146;1 голова;5200;;;;;
МРТ головы, носовой полости, лобных пазух, мягких тканей головы, структуры ср. и вн. уха, структур глаза и области орбиты (стоимость контраста и наркоза включены в стоимость) (до 5 кг (ЕКП скидка 10%));;;Услуги платные;Функциональная диагностика;Функциональная диагностика;4669146;1 голова;4680;;;;;
Контроль исследования сердца во время лечения (наличие жидкости в перикарде, свободной жидкости в грудной полости, сократимость левого желудочка) (2019);;;Услуги платные;Функциональная диагностика;Функциональная диагностика;4969;1 процедура;305;;;;;
Скрининговое исследование ЭХО (предоперационное);;;Услуги платные;Функциональная диагностика;Функциональная диагностика;494619;1 голова;1300;;;;;
УЗИ желудочно-кишечного тракта (желудок, кишечник);;;Услуги платные;Функциональная диагностика;Функциональная диагностика;4669144;1 процедура;1500;;;;;
УЗИ коленного сустава (2019);;;Услуги платные;Функциональная диагностика;Функциональная диагностика;4669142;1 процедура;1200;;;;;
УЗИ мочеполовой системы;;;Услуги платные;Функциональная диагностика;Функциональная диагностика;4669143;1 процедура;1900;;;;;
УЗИ органов брюшной полости, забрюшинного пространства и органов малого таза (при травме);;;Услуги платные;Функциональная диагностика;Функциональная диагностика;494618;1 процедура;1200;;;;;
УЗИ одного органа (- 1 уровень сложности ( органы, кроме указанных во втором уровне сложности));;;Услуги платные;Функциональная диагностика;Функциональная диагностика;4963;манипуляция;1000;;;;;
УЗИ одного органа (- 2 уровень сложности (глазное яблоко, щитовидная железа, надпочечники, матка));;;Услуги платные;Функциональная диагностика;Функциональная диагностика;4963;манипуляция;1200;;;;;
УЗИ органов брюшной полости, забрюшинного пространства и органов малого таза;;;Услуги платные;Функциональная диагностика;Функциональная диагностика;4962;1 процедура;3000;;;;;
УЗИ скрининговое исследование - онкопоиск;;;Услуги платные;Функциональная диагностика;Функциональная диагностика;4669145;1 процедура;2000;;;;;
Цистоцентез под контролем УЗИ;;;Услуги платные;Функциональная диагностика;Функциональная диагностика;4669141;1 процедура;1000;;;;;
ЭКГ;;;Услуги платные;Функциональная диагностика;Функциональная диагностика;4966;1 процедура;900;;;;;
УЗИ выборочных параметров в динамике;;;Услуги платные;Функциональная диагностика;Функциональная диагностика;;1 процедура;700;;;;;
УЗИ мониторинг для пациентов стационара;;;Услуги платные;Функциональная диагностика;Функциональная диагностика;;1 процедура;600;;;;;
Узи органов брюшной полости обзорное и надпочечников;;;Услуги платные;Функциональная диагностика;Функциональная диагностика;;1 процедура;3200;;;;;
Узи органов мочевыделительной системы (почки, мочевой пузырь);;;Услуги платные;Функциональная диагностика;Функциональная диагностика;;1 процедура;1700;;;;;
УЗИ пищеварительной системы (желудок, кишечник, печень, поджелудочная железа);;;Услуги платные;Функциональная диагностика;Функциональная диагностика;;1 процедура;2000;;;;;
ЭКГ и сократимость левого желудочка;;;Услуги платные;Функциональная диагностика;Функциональная диагностика;;1 процедура;1400;;;;;
;;;;;;;;;;;;;
Кардиомониторинг при проведении операций без ингаляционной анастезии (2019);;;Услуги платные;Стационар;Стационар;466914;1 голова;305;;;;;
Механическая ИВЛ (интраоперационно мониторирование жизненных показателей, механическое вентилирование легких, до 1 часа);;;;Стационар;Стационар;47561;1 манипуляция;1500;;;;;
Механическая ИВЛ (интраоперационно мониторирование жизненных показателей, механическое вентилирование легких, свыше 1 часа);;;;Стационар;Стационар;47561;1 манипуляция;3000;;;;;
Нахождение животого в стационаре (стабильное состояние,  за 1 час);;;Услуги платные;Стационар;Стационар;;1 голова;200;;;;;
Нахождение животого в стационаре (требуется введение препаратов,  24 часа под наблюдением ветеринарного специалиста, без стоимости расходных материалов, лекарственных средств, услуг по проведению процедур);;;Услуги платные;Стационар;Стационар;;1 голова;2600;;;;;
Нахождение животого в стационаре (требуется интенсивная терапия,  до 12 часов под наблюдением ветеринарного специалиста, без стоимости расходных материалов, лекарственных средств, услуг по проведению процедур);;;Услуги платные;Стационар;Стационар;;1 голова;4000;;;;;
;;;;;;;;;;;;;
Стрижка когтей (сложная);;;Услуги платные;Терапия;Терапия;49351;1 голова;510;;;;;
Коррекция рациона для больного животного(замена 1-го ингридиента) (2021);;;Услуги платные;Терапия;Терапия;7014;1 консультация;1000;;;;;
Коррекция рациона для больного животного(замена 2-х ингридиентов) (2021);;;Услуги платные;Терапия;Терапия;7015;1 консультация;1500;;;;;
Коррекция рациона для здорового животного(замена 1-го ингридиента) (2021);;;Услуги платные;Терапия;Терапия;7011;1 консультация;750;;;;;
Коррекция рациона для здорового животного(замена 2-х ингридиентов) (2021);;;Услуги платные;Терапия;Терапия;7012;1 консультация;900;;;;;
Коррекция рациона для здорового животного(замена более 2-х ингридиентов) (2021);;;Услуги платные;Терапия;Терапия;7013;1 консультация;1650;;;;;
Коррекция рациона по калорийности(диеты для снижения или набора веса, без замены ингридиентов, с повторным осмотром животного) (2021);;;Услуги платные;Терапия;Терапия;7016;1 консультация;1000;;;;;
Промывание параанальных синусов;;;Услуги платные;Терапия;Терапия;2047;1 голова;500;;;;;
Составление рациона для больных животных(случаи, когда диета является частью лечения, 1 меню) (2021);;;Услуги платные;Терапия;Терапия;7007;1 консультация;2000;;;;;
Составление рациона для больных животных(случаи, когда диета является частью лечения, 2 меню) (2021);;;Услуги платные;Терапия;Терапия;7008;1 консультация;3000;;;;;
Составление рациона для больных животных(случаи, когда диета является частью лечения, 3 меню) (2021);;;Услуги платные;Терапия;Терапия;7009;1 консультация;3800;;;;;
Составление рациона для больных животных(случаи, когда диета является частью лечения, 5 меню) (2021);;;Услуги платные;Терапия;Терапия;7010;1 консультация;5000;;;;;
Составление рациона для здорового животного(для животных всех возрастов, беременным и кормящим животным, 1 меню) (2021);;;Услуги платные;Терапия;Терапия;7003;1 консультация;1700;;;;;
Составление рациона для здорового животного(для животных всех возрастов, беременным и кормящим животным, 2 меню) (2021);;;Услуги платные;Терапия;Терапия;7004;1 консультация;2100;;;;;
Составление рациона для здорового животного(для животных всех возрастов, беременным и кормящим животным, 3 меню) (2021);;;Услуги платные;Терапия;Терапия;7005;1 консультация;2800;;;;;
Составление рациона для здорового животного(для животных всех возрастов, беременным и кормящим животным, 5 меню) (2021);;;Услуги платные;Терапия;Терапия;7006;1 консультация;4500;;;;;
;;;;;;;;;;;;;
Искустенная вентилляция легких (для пациентов 3-й категолрии);;;Услуги платные;ОРиИТ;ОРиИТ;ОРИТ5;1 сутки;5000;;;;;
Искустенная вентилляция легких (для пациетнов 4-й категории);;;Услуги платные;ОРиИТ;ОРиИТ;ОРИТ5;1 сутки;7000;;;;;
Оксигенотерапия (для пациентов 3-й категории);;;Услуги платные;ОРиИТ;ОРиИТ;ОРИТ6;1 час;80;;;;;
Оксигенотерапия (для пациентов 4-й категории);;;Услуги платные;ОРиИТ;ОРиИТ;ОРИТ6;1 час;100;;;;;
Прием пульмонолога ОРиИТ (Первичный);;;Услуги платные;ОРиИТ;ОРиИТ;ОРИТ8;1 голова;1800;;;;;
Прием пульмонолога ОРиИТ (Повторный);;;Услуги платные;ОРиИТ;ОРиИТ;ОРИТ8;1 голова;1200;;;;;
Принудительное кормление;;;Услуги платные;ОРиИТ;ОРиИТ;ОРИТ7;12 часов;400;;;;;
Реанимация и интенсивная терапия 4-й категории. Критические пациенты (для кошек, собак до 10 кг.);;;Услуги платные;ОРиИТ;ОРиИТ;ОРИТ4;1 сутки;6500;;;;;
Реанимация и интенсивная терапия 4-й категории. Критические пациенты (для собак 10-15 кг.);;;Услуги платные;ОРиИТ;ОРиИТ;ОРИТ4;1 сутки;8500;;;;;
Реанимация и интенсивная терапия 4-й категории. Критические пациенты (для собак свыше 25 кг.);;;Услуги платные;ОРиИТ;ОРиИТ;ОРИТ4;1 сутки;10500;;;;;
Стационар 1-й категории, стабильные животные, вакцинированные, нуждающиеся в минимальном мониторинге (для кошек и собак до 10 кг.);;;Услуги платные;ОРиИТ;ОРиИТ;ОРИТ1;1 сутки;3000;;;;;
Стационар 1-й категории, стабильные животные, вакцинированные, нуждающиеся в минимальном мониторинге (для собак 10-25 кг.);;;Услуги платные;ОРиИТ;ОРиИТ;ОРИТ1;1 сутки;5000;;;;;
Стационар 1-й категории, стабильные животные, вакцинированные, нуждающиеся в минимальном мониторинге (для собак свыше 25 кг.);;;Услуги платные;ОРиИТ;ОРиИТ;ОРИТ1;1 сутки;7000;;;;;
Стационар 2-й категории, пациенты средней тяжести, условно стабильные, 3-6 замеров в стки, до 2-х отборов крови в суткиуждающиеся в минимальном мониторинге (для кошек и собак до 10 кг.);;;Услуги платные;ОРиИТ;ОРиИТ;ОРИТ2;1 сутки;4000;;;;;
Стационар 2-й категории, пациенты средней тяжести, условно стабильные, 3-6 замеров в стки, до 2-х отборов крови в суткиуждающиеся в минимальном мониторинге (для собак 10-25 кг.);;;Услуги платные;ОРиИТ;ОРиИТ;ОРИТ2;1 сутки;6000;;;;;
Стационар 2-й категории, пациенты средней тяжести, условно стабильные, 3-6 замеров в стки, до 2-х отборов крови в суткиуждающиеся в минимальном мониторинге (для собак свыше 25 кг.);;;Услуги платные;ОРиИТ;ОРиИТ;ОРИТ2;1 сутки;8000;;;;;
Стационар 3-й категории, нестабильные пациенты, постоянный мониоринг, отбор проб 4-6 раз в сутки (для кошек, собак до 10 кг.);;;Услуги платные;ОРиИТ;ОРиИТ;ОРИТ3;1 сутки;5000;;;;;
Стационар 3-й категории, нестабильные пациенты, постоянный мониоринг, отбор проб 4-6 раз в сутки (для собак 10-25 кг.);;;Услуги платные;ОРиИТ;ОРиИТ;ОРИТ3;1 сутки;7000;;;;;
Стационар 3-й категории, нестабильные пациенты, постоянный мониоринг, отбор проб 4-6 раз в сутки (для собак свыше 25 кг.);;;Услуги платные;ОРиИТ;ОРиИТ;ОРИТ3;1 сутки;9000;;;;;
;;;;;;;;;;;;;
Подготовка для перемещения за пределы РФ генетического материала, в том числе эмбрионов, яйцеклеток, спермы животных, оплодотворенной икры, яйца инкубационного (2023);;;Услуги платные;Оформление ВСД;Оформление ВСД;1213;1 партия;1250;;;;;
Подготовка для перемещения за пределы СПб и в пределах РФ генетического материала, в том числе эмбрионов, яйцеклеток, спермы животных, оплодотворенной икры, яйца инкубационного (2023);;;Услуги платные;Оформление ВСД;Оформление ВСД;1214;1 партия;945;;;;;
Подготовка для перемещения по Санкт-Петербургу, проведение  клинического осмотра пчелосемьи, пчелопакета, пчеломатки  (при осмотре партии, перемещающейся по одному ВСД в один адрес) (2023);;;Услуги платные;Оформление ВСД;Оформление ВСД;1209;1 партия;590;;;;;
Подготовка для перемещения по СПб генетического материала, в том числе эмбрионов, яйцеклеток, спермы животных, оплодотворенной икры, яйца инкубационного (2023);;;Услуги платные;Оформление ВСД;Оформление ВСД;1215;1 партия;875;;;;;
Подготовка для перемещения по СПб,  проведение клинического осмотра  пчелосемьи, пчелопакета, пчеломатки (при осмотре партии, перемещающейся по одному ВСД в один адрес) (2023);;;Услуги платные;Оформление ВСД;Оформление ВСД;1212;1 партия;590;;;;;
Прием и подготовка животного и птицы для перемещения, проведение клинического осмотра каждой последующей головы (того же вида) животных и птицы, ЛЮМ-анализ, принадлежащих одному владельцу (при осмотре начиная с 6 головы, перемещающихся по одному ВСД в один адрес) (2023);;;Услуги платные;Оформление ВСД;Оформление ВСД;1205;1 голова;65;;;;;
Прием и подготовка партии гидробионтов, аквариумных рыб, членистоногих, мелких рептилий, амфибий, лабораторных животных для перемещения за пределы РФ, проведение их профилактического, клинического осмотра (при осмотре партии животных, перемещающихся по одному ВСД в один адрес) (2023);;;Услуги платные;Оформление ВСД;Оформление ВСД;1207;1 партия;940;;;;;
Прием и подготовка партии гидробионтов, аквариумных рыб, членистоногих, мелких рептилий, амфибий, лабораторных животных для перемещения за пределы СПб в пределах РФ, проведение их клинического осмотра (при осмотре партии животных, перемещающихся по одному ВСД в один адрес) (2023);;;Услуги платные;Оформление ВСД;Оформление ВСД;1208;1 партия;660;;;;;
Прием и подготовка партии гидробионтов, аквариумных рыб, членистоногих, мелких рептилий, амфибий, лабораторных животныхв период их профилактического карантинирования перед перемещением (при осмотре партии животных, перемещающихся по одному ВСД в один адрес) (2023);;;Услуги платные;Оформление ВСД;Оформление ВСД;1210;1 партия;300;;;;;
Клинический осмотр, ЛЮМ-анализ, визуальное или инструментальное обнаружение идентификационной метки животного (микрочип, метка, клеймо, бирка и пр.) при переходе права собственности на животных (за исключением птиц, грызунов, морских млекопитающих, гидробионтов, аквариумных рыб, членистоногих, рептилий, амфибий, пабораторных животных) без их перемещений (2023);;;Услуги платные;Оформление ВСД;Оформление ВСД;;1 голова;300;;;;;
;;;;;;;;;;;;;
Переливание крови (кошке, собаке до 5 кг.);;;Услуги платные;Процедуры;Процедуры;4711;1 процедура;1500;;;;;
Переливание крови (собаке от 5 кг.);;;Услуги платные;Процедуры;Процедуры;4711;1 процедура;2000;;;;;
;;;;;;;;;;;;;
Рентгенография (с оформлением результатов) (2024);;;Услуги платные;Рентген;Рентген;4957;1 снимок;1000;;;;;
Рентгеноскопия без применения контрастных веществ (обзорная с оформлением результатов)) (2024);;;Услуги платные;Рентген;Рентген;4958;1 процедура;2000;;;;;
Рентгеноскопия с применением контрастных веществ (с оформлением результатов) (2024);;;Услуги платные;Рентген;Рентген;4959;1 исследование;3000;;;;;
;;;;;;;;;;;;;
Гематома ушной раковины консервативное лечение (2023);;;Услуги платные;;;2132;1 ухо;400;;;;;
Остеосинтез * (простой кошки, собаки до 10 кг*);;;Услуги платные;;;4831;манипуляция;15000;;;;;
Остеосинтез * (простой собаки 25-50 кг *);;;Услуги платные;;;4831;манипуляция;20000;;;;;
Остеосинтез * (простой собаки более 50 кг *);;;Услуги платные;;;4831;манипуляция;25000;;;;;
Остеосинтез * (сложный  собаки 25-55 кг (старый, оскольчатый перелом, перелом таза)*);;;Услуги платные;;;4831;манипуляция;25000;;;;;
Остеосинтез * (сложный  собаки более 55 кг   старый, оскольчатый перелом, перелом таза*);;;Услуги платные;;;4831;манипуляция;28000;;;;;
Остеосинтез * (сложный кошки, собаки до 10 кг (старый, оскольчатый перелом, перелом таза)*);;;Услуги платные;;;4831;манипуляция;18000;;;;;
Остеосинтез * (сложный собаки 10-25 кг (старый, оскольчатый перелом, перелом таза)*);;;Услуги платные;;;4831;манипуляция;22000;;;;;
Удаление инородного тела  из гортани (2023);;;Услуги платные;;;2125;1 голова;305;;;;;
Транспозиция кожного лоскута (пластика/транспозиция кожи при замещении обширных дефектов свыше 10см);;;Услуги платные;;;486991;1 голова;8000;;;;;
Гематома ушной раковины оперативное лечение (2023);;;Услуги платные;;;2131;1 ухо;1500;;;;;
Рабиген моно 2020 ((Рабиген моно) 2020);;;Биопрепараты;;;R;1 введение;0;;;;;
Рабикан;;;Биопрепараты;;;R;1 введение;0;;;;;
Прием  трупа домашнего животного с последующей кремацией (от 10 до 30 кг);;;Услуги платные;;;50652;1 голова;1950;;;;;
ГОСУСЛУГА Биокан (DHPPi-RL);;;Биопрепараты;;;DHPPi-RL;1 введение;0;;;;;
ГОСУСЛУГА  Биокан (DHPPi-L);;;Биопрепараты;;;DHPPi-L;1 введение;0;;;;;
МРТ головы, носовой полости, лобных пазух, мягких тканей головы, структуры ср. и вн. уха, структур глаза и области орбиты (стоимость контраста и наркоза включены в стоимость) (10-25 кг);;;Услуги платные;;;4669146;1 голова;8300;;;;;
МРТ головы, носовой полости, лобных пазух, мягких тканей головы, структуры ср. и вн. уха, структур глаза и области орбиты (стоимость контраста и наркоза включены в стоимость) (25-50 кг);;;Услуги платные;;;4669146;1 голова;8400;;;;;
Ампутация рудиментарных фаланг* (до 10 дней *);;;Услуги платные;;;4925;1 палец;800;;;;;
Ампутация рудиментарных фаланг* (старше 10 дней*);;;Услуги платные;;;4925;1 палец;2000;;;;;
Ампутация хвоста до 10 дней*;;;Услуги платные;;;4928;1 голова;800;;;;;
Ампутация хвоста от 11 дней до 3-х месяцев*;;;Услуги платные;;;4929;1 голова;2000;;;;;
Вагиноскопия собаки средних пород (от 11 до 30кг);;;Услуги платные;;;48681;1 голова;2550;;;;;
Искусственное осеменение охлажденной (свежей) спермой;;;Услуги платные;;;49463;1 голова;1200;;;;;
Курация беременного животного;;;Услуги платные;;;494613;1 голова;1650;;;;;
Удаление колтунов;;;Услуги платные;;;4936;1 голова;420;;;;;
Цинк;;;Услуги платные;;;5294;1 исследование;1100;;;;;
2.2.38 Аутогемотерапия;;;Услуги платные;;;47492;1 голова;400;;;;;
5.2.16 Листериоз (РСК) (2024);;;Услуги платные;;;5113;;900;;;;;
5.2.26 Выявление вируса SARS CoV-2 (коронавирусной инфекции) у животных методом ПЦР;;;Услуги платные;;;5119222;1 проба;2500;;;;;
5.2.4 Бруцеллез (РА) (2023);;;Услуги платные;;;5124;;350;;;;;
5.4.11.1 Количество тромбоцитов ручной подсчет (2022);;;Услуги платные;;;52401;1 исследование;400;;;;;
Ампутация хвоста старше 3-х месяцев*;;;Услуги платные;;;4930;1 голова;2500;;;;;
Кислородотерапия первый час (2023);;;Услуги платные;;;2030;1 голова;200;;;;;
Отбор материала для лабораторных исследований ((шерсть, выделения, транссудат, экссудат и т.п.);;;Услуги платные;;;2011;1 исследование;150;;;;;
Пероральное введение лекарственных средств (2019);;;Услуги платные;;;2025;1 голова;150;;;;;
Прицельная биопсия под контролем узи (Забор материала для проведения цитологического исследования под контролем УЗИ);;;Услуги платные;;;466912;1 голова;1500;;;;;
Промывание слухового прохода с использованием системы (AURIFLUSH);;;Услуги платные;;;2052;1 ухо;500;;;;;
Резекция доли легкого, полная стоимость (кошка);;;Услуги платные;;;486996;1 голова;7635;;;;;
Резекция доли легкого, полная стоимость (собака);;;Услуги платные;;;486996;1 голова;9870;;;;;
Резекция доли печени (полная стоимость)* (кошка);;;Услуги платные;;;486995;1 голова;7635;;;;;
Резекция доли печени (полная стоимость)* (собака);;;Услуги платные;;;486995;1 голова;9870;;;;;
Удаление колтунов сложное;;;Услуги платные;;;4926;1 голова;750;;;;;
Хирургическое лечение пролапса уретры у кобелей от 10 кг (2023);;;Услуги платные;;;2178;1 голова;6500;;;;;
Эндоскопическое удаление инородных тел из ЖКТ собаке более 30 кг;;;Услуги платные;;;2198;1 голова;12500;;;;;
5.5.12 Выезд врача (в коммерческие организации содержания или разведения животных 2022);;;Услуги платные;;;;1 исследование;3000;;;;;
Аммиак;;;Услуги платные;;;;1 исследование;1200;;;;;
Вакцинация госуслуга (Ежегодно взрослые);;;Услуги госзадание;;;;процедура;0;;;;;
Вакцинация госуслуга (Первично взрослые с бешенством);;;Услуги госзадание;;;;процедура;0;;;;;
Вакцинация госуслуга (Щенок с бешенством);;;Услуги госзадание;;;;процедура;0;;;;;
Вакцинация платная (1-й раз взрослые с бешенством);;;Услуги платные;;;;1 голова;670;;;;;
Вакцинация платная (1-й раз молодняк без бешенства);;;Услуги платные;;;;1 голова;670;;;;;
Вакцинация платная (2-й раз молодняк с бешенством);;;Услуги платные;;;;1 процедура;670;;;;;
Вакцинация платная (ежегодно взрослые);;;Услуги платные;;;;1 процедура;670;;;;;
Вакцинация платная по ЕКП (кошки, против бешенства);;;Услуги платные;;;;1 голова;566;;;;;
Госуслуга дегельминтизация (Азинокс + 2020);;;Услуги госзадание;;;;1 таблетка;0;;;;;
Госуслуга дегельминтизация (Празител 2020);;;Услуги госзадание;;;;1 таблетка;0;;;;;
Госуслуга Подготовка сертификата вакцинации (нового);;;Услуги госзадание;;;;документ;0;;;;;
Госуслуга Подготовка сертификата вакцинации (переоформление);;;Услуги госзадание;;;;документ;0;;;;;
Госуслуга Электронное мечение (2020);;;Услуги госзадание;;;;процедура;0;;;;;
Дексаметазон;;;Услуги платные;;;;1 ампула;0;;;;;
Идентификация культур микроорганизмов с помощью биохимического анализатора Vitek-2 Compact;;;Услуги платные;;;;1 проба;1600;;;;;
Лезвие №22;;;Услуги платные;;;;1 шт.;0;;;;;
Лейкоз КРС (ПЦР);;;Услуги платные;;;;1 проба;1300;;;;;
Лидокаин аэрозоль 10% 38г;;;Услуги платные;;;;граммы;0;;;;;
Перекись водорода 3% 100мл;;;Услуги платные;;;;1 флакон;0;;;;;
Перчатки смотровые нитриловые р-р L;;;Услуги платные;;;;1 шт.;0;;;;;
Перчатки смотровые нитриловые р-р M;;;Услуги платные;;;;1 шт.;0;;;;;
Перчатки смотровые нитриловые р-р S;;;Услуги платные;;;;1 шт.;0;;;;;
Пластика травматической расщелины твердого неба. Кошки, собаки до 10 кг.*;;;Услуги платные;;;;1 голова;3000;;;;;
Пластика травматической расщелины твердого неба. Собаки от 10 кг*;;;Услуги платные;;;;1 голова;4000;;;;;
Празител плюс д/собак средн. пород таб. №2 (Празител плюс д/собак млких и средних порд № 2);;;Биопрепараты;;;;1 упаковка;0;;;;;
Преднизолон мазь тюбик 10г;;;Услуги платные;;;;граммы;0;;;;;
Салфетки стерильные 16*14см;;;Услуги платные;;;;1 шт.;0;;;;;
Салфетки стерильные 45*29см;;;Услуги платные;;;;1 шт.;0;;;;;
Система инфузионная с пласт. шипом;;;Услуги платные;;;;1 шт.;0;;;;;
Тетрациклиновая глазная мазь тюбик 3г;;;Услуги платные;;;;граммы;0;;;;;
Трубка эндотрахеальна, с манжетой, диаметр 4мм;;;Услуги платные;;;;1 шт.;0;;;;;
Трубка эндотрахеальная, с манжето1, диаметр 4,5мм;;;Услуги платные;;;;1 шт.;0;;;;;
Трубка эндотрахеальная, с манжето1, диаметр 5,5мм;;;Услуги платные;;;;1 шт.;0;;;;;
Трубка эндотрахеальная, с манжето1, диаметр 5мм;;;Услуги платные;;;;1 шт.;0;;;;;
Трубка эндотрахеальная, с манжето1, диаметр 9,5мм;;;Услуги платные;;;;1 шт.;0;;;;;
Трубка эндотрахеальная, с манжетой, диаметр 3мм;;;Услуги платные;;;;1 шт.;0;;;;;
Трубка эндотрахеальная, с манжетой, диаметр 6,5мм;;;Услуги платные;;;;1 шт.;0;;;;;
Трубка эндотрахеальная, с манжетой, диаметр 6мм;;;Услуги платные;;;;1 шт.;0;;;;;
Трубка эндотрахеальная, с манжетой, диаметр 7,5мм;;;Услуги платные;;;;1 шт.;0;;;;;
Трубка эндотрахеальная, с манжетой, диаметр 7мм;;;Услуги платные;;;;1 шт.;0;;;;;
Трубка эндотрахеальная, с манжетой, диаметр 8,5мм;;;Услуги платные;;;;1 шт.;0;;;;;
Трубка эндотрахеальная, с манжетой, диаметр 8мм;;;Услуги платные;;;;1 шт.;0;;;;;
Трубка эндотрахеальная, с манжетой, диаметр 9мм;;;Услуги платные;;;;1 шт.;0;;;;;
Физиологический раствор флакон 200мл;;;Услуги платные;;;;1 флакон;0;;;;;
Фуросемид ампула 2мл;;;Услуги платные;;;;1 ампула;0;;;;;
Хлоргексидин спиртовой флакон 100мл;;;Услуги платные;;;;1 флакон;0;;;;;
Шприцы 10мл;;;Услуги платные;;;;1 шт.;0;;;;;
Шприцы 1мл;;;Услуги платные;;;;1 шт.;0;;;;;
Шприцы 20мл;;;Услуги платные;;;;1 шт.;0;;;;;
Шприцы 2мл;;;Услуги платные;;;;1 шт.;0;;;;;
Шприцы 5мл;;;Услуги платные;;;;1 шт.;0;;;;;